Date,Open,High,Low,Last,Close,Volume,Total Traded,MA50,MA200,returns,Cumulative Return
2016-01-01,392.5,403.0,373.0,401.8,401.9,4377363,1718114977.5,,,,
2016-01-04,400.0,400.1,375.05,376.15,377.05,7822660,3129064000.0,,,-0.06183130131873593,0.9381686986812641
2016-01-05,381.05,382.45,372.1,373.0,374.45,6901068,2629651961.4,,,-0.006895637183397474,0.9316994277183379
2016-01-06,374.25,375.5,364.6,365.0,365.9,7211230,2698802827.5,,,-0.022833489117372152,0.9104254789748694
2016-01-07,356.25,358.0,338.1,344.8,343.55,11782307,4197446868.75,,,-0.06108226291336427,0.8548146305051008
2016-01-08,345.6,355.85,345.6,353.9,353.35,8770370,3031039872.0,,,0.028525687672827926,0.8791988056730531
2016-01-11,343.9,364.75,341.65,360.45,360.2,10576721,3637334351.8999996,,,0.01938587802462144,0.8962428464792237
2016-01-12,362.7,363.95,351.6,355.4,355.0,8363062,3033282587.4,,,-0.014436424208772891,0.8833043045533715
2016-01-13,360.45,369.8,356.3,363.0,364.6,14191511,5115330139.95,,,0.02704225352112677,0.9071908434934064
2016-01-14,356.1,359.4,346.8,353.8,354.3,10673343,3800777442.3,,,-0.028250137136588083,0.8815625777556606
2016-01-15,353.9,353.9,339.35,340.7,341.3,6557584,2320728977.6,,,-0.036692068868190764,0.8492162229410302
2016-01-18,341.0,343.3,334.4,340.5,340.2,6285144,2143234104.0,,,-0.003222970993261076,0.8464792236874845
2016-01-19,343.0,357.2,342.0,354.25,354.15,7304555,2505462365.0,,,0.041005291005290934,0.8811893505847226
2016-01-20,349.65,349.65,338.8,341.9,342.25,9156596,3201603791.3999996,,,-0.033601581250882306,0.8515799950236378
2016-01-21,340.65,344.15,323.0,327.6,328.55,16524035,5628912522.75,,,-0.04002921840759677,0.8174919134112965
2016-01-22,335.5,345.9,331.5,339.65,339.5,9595392,3219254016.0,,,0.033328260538730836,0.8447374968897737
2016-01-25,345.5,345.5,331.15,333.6,332.6,6106931,2109944660.5,,,-0.020324005891016128,0.8275690470266237
2016-01-27,338.0,341.0,333.2,336.9,337.05,8333202,2816622276.0,,,0.013379434756464192,0.8386414530977857
2016-01-28,336.3,341.4,332.3,333.85,334.2,13153617,4423561397.1,,,-0.008455718736092632,0.8315501368499628
2016-01-29,332.0,340.6,324.2,336.9,336.9,10350998,3436531336.0,,,0.008078994614003632,0.8382682259268477
2016-02-01,338.75,342.4,332.25,335.25,338.5,6563774,2223478442.5,,,0.00474918373404587,0.8422493157501869
2016-02-02,343.8,344.7,327.7,329.0,329.55,9179304,3155844715.2000003,,,-0.02644017725258485,0.8199800945508836
2016-02-03,325.55,325.95,317.05,320.95,320.3,6685445,2176446619.75,,,-0.028068578364436325,0.7969644190097043
2016-02-04,325.3,329.3,321.2,327.05,325.5,6086981,1980094919.3,,,0.016234779893849582,0.8099029609355566
2016-02-05,330.5,339.0,326.65,336.7,337.1,9236577,3052688698.5,,,0.03563748079877116,0.8387658621547653
2016-02-08,334.95,334.95,321.35,322.45,323.5,6974342,2336055852.9,,,-0.0403441115396026,0.8049265986563825
2016-02-09,319.5,322.65,308.8,311.05,310.65,12489713,3990463303.5,,,-0.039721792890262786,0.77295347101269
2016-02-10,309.85,309.95,288.25,288.7,291.55,21756193,6741156401.05,,,-0.06148398519233855,0.725429211246579
2016-02-11,298.5,300.0,265.8,271.3,276.35,21632886,6457416471.0,,,-0.052135139770193795,0.6876088579248572
2016-02-12,281.0,303.95,271.6,296.05,298.35,21542152,6053344712.0,,,0.07960919124298904,0.7423488429957704
2016-02-15,297.9,320.75,297.7,316.05,317.25,18888699,5626943432.099999,,,0.06334841628959276,0.7893754665339641
2016-02-16,319.4,324.2,298.9,301.8,301.15,13598374,4343320655.599999,,,-0.05074862096138699,0.7493157501866139
2016-02-17,302.95,313.5,298.65,312.1,310.15,13717526,4155724501.7,,,0.029885439149925253,0.7717093804428965
2016-02-18,315.15,319.1,306.2,312.15,314.0,12498247,3938822542.0499997,,,0.012413348379816336,0.7812888778303064
2016-02-19,312.1,320.0,311.1,318.05,318.2,7706462,2405186790.2000003,,,0.013375796178343835,0.7917392386165716
2016-02-22,320.0,324.2,313.6,319.8,318.85,8699779,2783929280.0,,,0.0020427404148335437,0.7933565563573032
2016-02-23,324.0,324.75,314.45,317.5,318.55,11635881,3770025444.0,,,-0.0009408812921436471,0.792610102015427
2016-02-24,316.0,316.0,304.75,306.55,306.3,7629905,2411049980.0,,,-0.03845550149113164,0.7621298830554868
2016-02-25,309.8,312.2,296.2,299.7,298.2,12959812,4014949757.6000004,,,-0.026444662095984395,0.7419756158248323
2016-02-26,303.2,305.2,297.6,302.25,301.8,9181680,2783885376.0,,,0.012072434607645954,0.7509330679273454
2016-02-29,303.2,305.75,290.25,300.0,299.7,12607181,3822497279.2,,,-0.006958250497017926,0.7457078875342127
2016-03-01,301.1,317.0,301.1,315.0,315.35,11440045,3444597549.5000005,,,0.052218885552218985,0.7846479223687487
2016-03-02,322.9,326.0,314.35,316.55,317.1,12418149,4009820312.1,,,0.005549389567147678,0.7890022393630259
2016-03-03,324.5,339.8,321.5,337.0,336.7,12844057,4167896496.5,,,0.061810154525386185,0.8377705896989303
2016-03-04,340.15,348.75,338.65,343.45,343.5,8197520,2788386428.0,,,0.020196020196020292,0.8546902214481217
2016-03-08,346.5,353.75,341.5,345.5,346.05,7888999,2733538153.5,,,0.00742358078602634,0.8610350833540685
2016-03-09,339.9,349.0,336.0,347.75,347.7,6383925,2169896107.5,,,0.004768097095795287,0.865140582234387
2016-03-10,347.0,353.6,341.4,348.2,348.5,7443048,2582737656.0,,,0.0023008340523440474,0.8671311271460566
2016-03-11,348.5,355.9,345.15,353.35,354.25,7641330,2663003505.0,,,0.016499282639885315,0.8814381686986816
2016-03-14,359.9,370.55,358.95,365.5,366.45,13066837,4702754636.299999,333.36199999999997,,0.03443895553987297,0.9117939786016426
2016-03-15,366.9,370.7,359.55,361.2,360.4,9800731,3595888203.8999996,332.53200000000004,,-0.016509755764770095,0.8967404827071415
2016-03-16,359.95,362.75,353.3,362.0,359.55,7554537,2719255593.15,332.18199999999996,,-0.002358490566037652,0.8946255287384927
2016-03-17,366.9,367.4,358.6,359.5,360.9,6914296,2536855202.3999996,331.911,,0.003754693366708306,0.897984573276935
2016-03-18,362.5,367.8,362.5,366.05,366.05,6594019,2390331887.5,331.914,,0.014269880853422068,0.9107987061458079
2016-03-21,367.25,375.5,365.75,374.85,374.7,9325793,3424897479.25,332.537,,0.023630651550334614,0.9323214730032351
2016-03-22,376.95,381.5,370.4,376.0,377.2,8909026,3358257350.7,333.014,,0.006672004270082743,0.9385419258522025
2016-03-23,378.0,379.45,374.05,376.0,377.0,5766182,2179616796.0,333.35,,-0.0005302226935312015,0.9380442896242852
2016-03-28,375.5,375.5,361.5,364.0,363.3,8062793,3027578771.5,333.51599999999996,,-0.036339522546419034,0.9039562080119439
2016-03-29,364.0,378.95,363.05,371.65,372.45,9364810,3408790840.0,333.673,,0.02518579686209743,0.9267230654391646
2016-03-30,380.5,391.5,376.8,391.1,388.6,10295891,3917586525.5,334.35900000000004,,0.0433615250369177,0.9669071908434941
2016-03-31,387.9,393.6,380.5,388.7,386.6,10738707,4165544445.2999997,335.265,,-0.00514668039114774,0.9619308285643201
2016-04-01,386.4,386.4,377.7,380.15,379.65,5683771,2196209114.4,336.05400000000003,,-0.017977237454733674,0.9446379696441907
2016-04-04,385.95,391.0,382.4,387.4,388.4,6011729,2320226807.5499997,336.73900000000003,,0.023047543790333247,0.9664095546155766
2016-04-05,386.0,386.0,369.0,370.05,370.5,6058241,2338481026.0,337.30400000000003,,-0.04608650875386189,0.9218711122169702
2016-04-06,373.7,382.4,372.05,376.25,376.7,7323269,2736705625.2999997,338.26700000000005,,0.016734143049932593,0.9372978352824094
2016-04-07,375.95,384.8,370.3,375.2,375.2,8724110,3279829154.5,338.981,,-0.0039819485001327815,0.9335655635730289
2016-04-08,375.5,380.05,370.5,371.6,371.45,4860484,1825111742.0,339.75800000000004,,-0.009994669509594933,0.9242348842995777
2016-04-11,373.95,387.8,373.9,386.0,386.65,6827449,2553124553.5499997,340.75,,0.04092071611253201,0.9620552376212995
2016-04-12,387.95,397.4,387.15,395.5,395.8,7702684,2988256257.7999997,341.98199999999997,,0.02366481313849733,0.9848220950485203
2016-04-13,400.0,411.75,398.15,408.65,408.75,12373115,4949246000.0,343.4189999999999,,0.032718544719555265,1.0170440408061714
2016-04-18,407.65,409.9,402.5,407.0,407.35,5571076,2271049131.4,344.796,,-0.0034250764525993738,1.0135605872107496
2016-04-20,407.0,410.35,400.65,403.85,404.1,7589901,3089089707.0,346.287,,-0.007978396955934719,1.005473998507092
2016-04-21,408.7,417.2,406.0,410.5,411.5,9211869,3764890860.2999997,348.111,,0.0183122989359068,1.0238865389400353
2016-04-22,412.1,420.5,408.0,417.1,417.0,5995998,2470950775.8,349.941,,0.013365735115431265,1.0375715352077635
2016-04-25,417.6,417.6,410.0,412.0,412.2,3272996,1366803129.6000001,351.44300000000004,,-0.01151079136690647,1.025628265737746
2016-04-26,408.65,423.65,405.05,418.35,419.05,6998505,2859939068.25,353.35400000000004,,0.016618146530810396,1.0426723065439167
2016-04-27,418.95,425.25,414.65,419.1,418.55,6227941,2609195881.95,355.51199999999994,,-0.0011931750387781381,1.0414282159741233
2016-04-28,418.8,420.95,409.7,410.45,411.35,7546101,3160307098.8,357.908,,-0.01720224584876351,1.0235133117690973
2016-04-29,410.0,413.7,403.05,408.1,408.35,6251095,2562948950.0,360.54799999999994,,-0.0072930594384343905,1.0160487683503365
2016-05-02,407.95,410.45,402.5,408.2,407.7,4178821,1704750026.95,362.735,,-0.0015917717644178264,1.014431450609605
2016-05-03,410.9,422.0,407.8,408.85,409.65,9620804,3953188363.6,364.583,,0.004782928623988214,1.0192834038317997
2016-05-04,405.5,405.5,380.1,383.15,381.8,12069134,4894033837.0,366.19599999999997,,-0.06798486512876833,0.9499875590943029
2016-05-05,384.0,396.05,383.15,389.7,391.15,9601341,3686914944.0,367.816,,0.024489261393399575,0.9732520527494409
2016-05-06,388.6,400.9,384.5,397.6,398.7,9953672,3867996939.2000003,369.51,,0.019302058034002423,0.9920378203533227
2016-05-09,400.35,405.2,395.15,402.65,403.35,8700283,3483158299.05,371.213,,0.011662904439428301,1.0036078626524023
2016-05-10,400.8,400.8,387.15,389.95,388.95,9166453,3673914362.4,372.615,,-0.035701004090740174,0.9677780542423499
2016-05-11,384.8,391.95,376.1,380.4,379.85,11595875,4462092700.0,373.841,,-0.023396323434888733,0.9451356058721085
2016-05-12,379.0,388.6,379.0,387.0,387.05,6506343,2465903997.0,375.45599999999996,,0.018954850598920547,0.9630505100771346
2016-05-13,391.25,394.0,385.5,389.5,389.95,14027896,5488414310.0,377.291,,0.007492572019119015,0.9702662353819368
2016-05-16,393.8,396.7,389.0,390.75,392.7,8248193,3248138403.4,379.10900000000004,,0.007052186177715081,0.977108733515801
2016-05-17,392.6,395.0,386.6,389.5,389.7,9425555,3700472893.0,380.90899999999993,,-0.007639419404125269,0.9696441900970401
2016-05-18,383.5,387.35,381.6,384.75,384.85,8589315,3294002302.5,382.29900000000004,,-0.012445470875032005,0.9575765115700433
2016-05-19,386.25,393.3,381.95,384.65,386.9,10988676,4244376105.0,383.695,,0.0053267506820837696,0.9626772829061965
2016-05-20,386.7,392.7,383.5,384.0,384.45,6537509,2528054730.2999997,384.65,,-0.006332385629361559,0.9565812391142084
2016-05-23,388.55,389.95,380.1,383.3,381.75,8153090,3167883119.5,385.415,,-0.00702301989855636,0.9498631500373237
2016-05-24,383.8,391.75,382.65,389.0,389.1,10568106,4056039082.8,386.27600000000007,,0.019253438113949084,0.968151281413288
2016-05-25,394.0,399.95,394.0,396.55,397.0,8897382,3505568508.0,387.26200000000006,,0.020303263942431204,0.987807912416025
2016-05-26,400.5,402.0,396.75,400.0,399.25,8469732,3392127666.0,388.27700000000004,,0.005667506297229119,0.9934063199800955
2016-05-27,400.0,405.0,396.0,403.1,403.9,9035525,3614210000.0,389.27,,0.011646837820914246,1.004976362279175
2016-05-30,404.8,423.6,401.3,423.0,421.25,15767133,6382535438.400001,390.366,,0.042956177271601836,1.0481463050510087
2016-05-31,456.0,464.9,445.0,455.6,459.65,110744326,50499412656.0,392.351,,0.09115727002967344,1.143692460811148
2016-06-01,455.75,458.3,445.0,446.8,449.2,10389215,4734884736.25,394.14399999999995,,-0.022734689437615585,1.1176909679024642
2016-06-02,444.1,460.5,444.1,453.0,453.45,13674434,6072816139.400001,395.995,,0.009461264470169262,1.1282657377457088
2016-06-03,458.05,461.8,452.5,452.55,453.95,11672544,5346608779.2,397.75299999999993,,0.0011026574043444537,1.1295098283155023
2016-06-06,457.8,465.0,450.2,462.55,460.5,9356808,4283546702.4,399.469,,0.014428901861438526,1.145807414779797
2016-06-07,466.45,466.45,459.0,463.2,463.05,12568902,5862764337.9,401.186,,0.005537459283387669,1.1521522766857437
2016-06-08,465.5,468.8,463.2,465.0,466.15,10467158,4872462049.0,402.969,,0.006694741388618919,1.1598656382184633
2016-06-09,469.45,470.25,465.0,467.0,467.15,8525017,4002069230.65,405.046,,0.0021452322213879604,1.1623538193580503
2016-06-10,466.75,466.75,454.5,457.4,456.95,7039858,3285853721.5,406.736,,-0.021834528524028674,1.1369743717342633
2016-06-13,451.0,451.4,436.7,444.55,444.25,9507282,4287784182.0,407.84899999999993,,-0.027792975161396227,1.1053744712615088
2016-06-14,446.9,453.85,441.15,448.7,448.4,9615226,4297044499.4,409.085,,0.009341586944288105,1.1157004229907947
2016-06-15,449.9,453.0,447.25,451.55,452.1,5704865,2566618763.5,410.53399999999993,,0.008251561106155325,1.1249066932072667
2016-06-16,449.7,455.5,446.05,453.9,454.35,7255454,3262777663.7999997,411.853,,0.00497677504976779,1.1305051007713374
2016-06-17,461.0,465.75,457.3,463.65,464.4,7836702,3612719622.0,413.731,,0.02211951138989754,1.1555113212241863
2016-06-20,464.75,484.2,460.25,482.6,482.05,9261350,4304212412.5,415.83799999999997,,0.03800602928509922,1.1994277183378965
2016-06-21,484.0,486.2,477.6,484.3,484.9,8907801,4311375684.0,418.032,,0.005912249766621747,1.2065190345857193
2016-06-22,483.05,484.8,468.05,472.0,472.7,7660165,3700242703.25,420.057,,-0.02515982676840578,1.1761632246827585
2016-06-23,476.1,489.9,476.1,487.75,487.95,9628216,4583993637.6,422.083,,0.03226147662365131,1.2141079870614597
2016-06-24,439.2,453.75,421.25,447.7,449.4,40998600,18006585120.0,423.155,,-0.07900399631109745,1.1181886041303821
2016-06-27,451.8,457.25,443.6,447.95,448.95,12450283,5625037859.400001,423.959,,-0.0010013351134846582,1.117068922617568
2016-06-28,448.0,448.0,433.0,441.0,440.4,10190394,4565296512.0,424.62,,-0.0190444370197127,1.0957949738740995
2016-06-29,447.1,449.8,445.4,447.0,447.25,6285461,2810229613.1,425.483,,0.015554041780199812,1.1128390146802702
2016-06-30,454.3,462.25,451.55,458.5,459.25,13214064,6003149275.2,426.43800000000005,,0.02683063163778643,1.1426971883553139
2016-07-01,463.6,464.75,454.7,459.1,457.9,7027759,3258069072.4,427.256,,-0.0029395753946652725,1.1393381438168715
2016-07-04,467.0,474.85,467.0,468.8,469.5,8413087,3928911629.0,428.402,,0.025333042148940832,1.1682010450360802
2016-07-05,468.5,469.0,459.5,460.5,460.9,4934087,2311619759.5,429.23900000000003,,-0.018317358892438795,1.1468026872356323
2016-07-07,460.95,465.45,454.1,455.5,455.15,6580663,3033356609.85,429.971,,-0.012475591234541117,1.1324956456830073
2016-07-08,464.3,468.2,462.65,466.3,466.3,9263727,4301148446.1,431.07,,0.02449741843348363,1.1602388653894022
2016-07-11,472.1,486.8,472.1,483.85,484.6,10477166,4946270068.6,432.595,,0.039245121166630925,1.2057725802438437
2016-07-12,486.0,488.65,481.1,485.0,484.3,6767972,3289234392.0,434.12699999999995,,-0.0006190672719769141,1.2050261259019677
2016-07-13,485.95,488.1,477.95,480.65,481.1,5855718,2845586162.1,435.556,,-0.006607474705760841,1.1970639462552894
2016-07-14,480.1,489.3,478.95,485.5,486.1,5983007,2872441660.7000003,437.642,,0.010392849719393027,1.2095048519532243
2016-07-15,480.0,501.7,479.65,494.05,494.0,8889558,4266987840.0,439.699,,0.016251800041143794,1.2291614829559614
2016-07-18,495.0,505.0,490.0,490.75,492.65,7463954,3694657230.0,441.57800000000003,,-0.002732793522267296,1.2258024384175188
2016-07-19,493.9,503.5,493.45,498.0,499.25,7665519,3785999834.1,443.496,,0.013396934943672001,1.242224433938793
2016-07-20,496.3,502.45,492.45,493.5,493.9,5697901,2827868266.3,445.595,,-0.010716074111166818,1.2289126648420026
2016-07-21,498.45,500.0,489.7,490.65,491.05,3658371,1823515024.95,447.81899999999996,,-0.005770398866167148,1.2218213485941798
2016-07-22,494.45,508.45,493.5,506.65,507.2,5588143,2763057306.35,450.222,,0.03288870787088882,1.2620054739985092
2016-07-25,505.5,510.95,503.35,508.55,509.0,4638151,2344585330.5,452.60299999999995,,0.0035488958990537167,1.2664842000497658
2016-07-26,506.05,513.35,502.1,502.95,503.25,6187499,3131183868.9500003,454.81399999999996,,-0.011296660117878221,1.2521771584971406
2016-07-27,507.75,513.05,505.5,509.35,510.1,5193425,2636961543.75,457.22200000000004,,0.013611525086934861,1.2692211993033113
2016-07-28,510.0,511.9,498.75,508.75,506.85,6338260,3232512600.0,459.662,,-0.006371299745148051,1.2611346105996537
2016-07-29,507.8,510.5,501.1,503.35,503.2,3746332,1902387389.6000001,461.98800000000006,,-0.007201341619808677,1.2520527494401612
2016-08-01,506.8,514.9,505.5,507.85,508.25,4748497,2406538279.6,464.464,,0.01003577106518283,1.2646180641950753
2016-08-02,510.0,511.2,491.15,494.75,493.3,5251838,2678437380.0,466.695,,-0.029414658140678784,1.22741975615825
2016-08-03,494.5,499.5,475.5,479.3,478.4,7925049,3918936730.5,468.481,,-0.030204743563754355,1.1903458571784042
2016-08-04,490.1,501.45,488.6,500.55,500.0,9476008,4644191520.8,470.541,,0.045150501672240884,1.2440905697934828
2016-08-05,507.2,518.7,502.15,517.0,516.4,6393514,3242790300.7999997,472.88399999999996,,0.03279999999999994,1.284896740482709
2016-08-08,518.2,522.6,513.4,514.55,514.8,4649302,2409268296.4,475.102,,-0.0030983733539892144,1.2809156506593697
2016-08-09,521.0,522.0,509.2,513.4,513.8,6015760,3134210960.0,476.95300000000003,,-0.0019425019425018952,1.2784274695197828
2016-08-10,515.6,516.5,502.3,503.65,503.45,6371139,3284959268.4,477.82899999999995,,-0.02014402491241718,1.2526747947250578
2016-08-11,503.75,505.0,495.1,502.4,503.25,4112806,2071826022.5,478.91,,-0.00039725891349684517,1.2521771584971404
2016-08-12,506.9,519.5,506.15,516.0,516.8,7167435,3633172801.5,480.177,,0.026924987580725146,1.2858920129385436
2016-08-16,512.95,515.0,503.3,506.5,507.6,6034295,3095291620.2500005,481.25,,-0.01780185758513919,1.2630007464543438
2016-08-17,511.1,514.25,505.85,509.4,510.4,5853980,2991969178.0,482.24800000000005,,0.005516154452324562,1.2699676536451872
2016-08-18,512.4,517.9,510.75,510.75,512.05,4990558,2557161919.2,483.228,,0.003232758620689502,1.2740731525255053
2016-08-19,514.0,515.0,508.2,509.8,510.0,4567273,2347578322.0,484.105,,-0.004003515281710723,1.268972381189352
2016-08-22,509.1,513.6,503.1,504.0,503.95,4330313,2204562348.3,484.84100000000007,,-0.011862745098039196,1.253918885294851
2016-08-23,505.25,508.6,500.45,504.5,504.0,5342115,2699103603.75,485.78200000000004,,9.921619208252963e-05,1.2540432943518305
2016-08-24,504.7,506.05,493.6,498.0,498.35,5189459,2619119957.2999997,486.86400000000003,,-0.01121031746031742,1.2399850709131641
2016-08-25,498.35,503.3,491.3,492.8,493.85,8787262,4379132017.7,487.77299999999997,,-0.009029798334503902,1.2287882557850227
2016-08-26,502.0,515.35,486.0,514.25,503.75,16347856,8206623712.0,488.806,,0.02004657284600575,1.2534212490669334
2016-08-29,522.5,528.75,515.4,525.15,525.3,12534399,6549223477.5,490.225,,0.042779156327543255,1.3070415526250323
2016-08-30,528.5,530.8,524.1,529.8,529.0,6611147,3493991189.5,491.51700000000005,,0.007043594136683984,1.3162478228415042
2016-08-31,529.0,548.8,529.0,538.0,537.7,15725942,8319023318.0,492.63,,0.016446124763705106,1.3378949987559108
2016-09-01,540.5,546.65,540.0,544.75,543.65,7571854,4092587087.0,493.805,,0.011065649990700921,1.352699676536453
2016-09-02,552.0,555.9,549.1,549.5,549.85,10097146,5573624592.0,495.34799999999996,,0.011404396210797474,1.3681263996018922
2016-09-06,556.35,593.3,556.35,587.75,588.7,15813178,8797661580.300001,497.36299999999994,,0.07065563335455138,1.464792236874846
2016-09-07,590.0,598.4,584.0,589.25,587.4,13408927,7911266930.0,500.12300000000005,,-0.002208255478172383,1.4615576013933829
2016-09-08,590.75,591.7,577.75,585.0,584.2,10456258,6177034413.5,502.82800000000003,,-0.005447735784814278,1.4535954217467049
2016-09-09,580.0,582.95,571.7,573.0,573.25,7159068,4152259440.0,505.485,,-0.018743580965422835,1.4263498382682276
2016-09-12,551.0,560.0,549.25,553.75,553.45,7055294,3887466994.0,507.6089999999999,,-0.03453990405582197,1.3770838517044057
2016-09-14,556.25,565.35,544.1,564.2,560.5,12364724,6877877725.0,509.63399999999996,,0.012738278073900045,1.3946255287384939
2016-09-15,562.0,566.25,555.4,558.5,557.55,5258859,2955478758.0,511.62700000000007,,-0.0052631578947369695,1.387285394376712
2016-09-16,562.4,568.2,546.35,550.6,548.7,10931845,6148069628.0,513.211,,-0.015873015873015706,1.3652649912913677
2016-09-19,553.8,556.4,549.45,553.75,554.45,6979269,3865119172.2,515.082,,0.010479314743940149,1.3795720328439927
2016-09-20,555.0,556.3,545.5,546.9,548.45,6874462,3815326410.0,516.948,,-0.010821534854360215,1.3646429460064708
2016-09-21,548.6,556.4,544.0,550.1,549.9,5919149,3247245141.4,518.62,,0.002643814385996812,1.3682508086588718
2016-09-22,561.2,562.95,551.35,557.4,558.45,6012388,3374152145.6000004,520.097,,0.0155482815057284,1.3895247574023406
2016-09-23,558.5,558.5,551.2,554.5,553.05,4840360,2703341060.0,521.4720000000001,,-0.00966962127316695,1.3760885792485709
2016-09-26,549.95,549.95,533.75,535.8,535.3,6858574,3771872771.3,522.556,,-0.032094747310369764,1.3319233640209023
2016-09-27,537.7,542.0,530.25,533.7,531.95,4912743,2641581911.1000004,523.4730000000001,,-0.006258172987109845,1.3235879572032863
2016-09-28,533.0,545.4,531.5,540.4,540.0,6604953,3520439949.0,524.393,,0.015133001221919296,1.3436178153769613
2016-09-29,543.0,546.9,516.65,525.0,526.3,9315794,5058476142.0,525.066,,-0.025370370370370487,1.3095297337646197
2016-09-30,525.6,536.55,521.2,534.6,534.85,5659248,2974500748.8,525.7779999999999,,0.01624548736462117,1.3308036825080884
2016-10-03,539.4,546.0,539.0,541.5,540.8,4505939,2430503496.6,526.716,,0.011124614377862718,1.3456083602886306
2016-10-04,547.4,552.4,540.65,552.0,549.95,5715454,3128639519.6,527.894,,0.01691937869822513,1.3683752177158517
2016-10-05,555.3,562.4,549.75,557.3,559.65,5929204,3292486981.2,528.943,,0.017637967087916984,1.3925105747698452
2016-10-06,563.1,564.2,549.1,551.75,551.45,4273945,2406658429.5,529.792,,-0.014652014652014489,1.3721074894252323
2016-10-07,554.5,567.3,552.6,565.0,565.7,9122002,5058150109.0,531.041,,0.025840964729349825,1.4075640706643464
2016-10-10,571.1,571.1,560.9,562.95,562.05,3673211,2097770802.1000001,532.08,,-0.006452183135937983,1.3984822095048537
2016-10-13,556.9,556.9,537.0,544.0,544.85,9510827,5296579556.3,532.84,,-0.030602259585446046,1.355685493903958
2016-10-14,546.0,557.45,545.0,557.0,556.1,5872827,3206563542.0,533.898,,0.020647884738918876,1.3836775317243113
2016-10-17,557.85,557.85,545.9,547.5,547.55,3463154,1931920458.9,534.684,,-0.015374932566085353,1.3624035829808425
2016-10-18,549.2,556.0,549.2,553.5,554.25,3965424,2177810860.8,535.903,,0.012236325449730634,1.3790743966160752
2016-10-19,552.05,554.9,545.05,549.9,550.5,4275157,2360100421.85,537.345,,-0.006765899864682012,1.3697437173426241
2016-10-20,553.05,554.0,546.0,547.15,546.85,2770011,1531954583.55,538.2819999999999,,-0.006630336058128905,1.3606618561831318
2016-10-21,549.0,550.0,541.5,544.85,544.5,2789747,1531571103.0,538.844,,-0.0042973393069397625,1.3548146305051025
2016-10-24,544.0,564.0,543.55,558.3,559.8,5161299,2807746656.0,539.744,,0.028099173553718826,1.3928838019407828
2016-10-25,549.85,561.0,549.1,552.3,553.8,5690576,3128963213.6,540.544,435.30625,-0.010718113612004254,1.377954715103261
2016-10-26,548.0,548.0,523.15,527.25,530.05,6665017,3652429316.0,541.076,435.94700000000006,-0.04288551823763087,1.3188604130380706
2016-10-27,515.6,525.75,510.75,525.5,522.0,18470182,9523225839.2,541.451,436.67175000000003,-0.015187246486180417,1.2988305548643957
2016-10-28,527.0,539.95,525.1,536.8,537.0,5665910,2985934570.0,541.855,437.4845,0.028735632183908066,1.3361532719582
2016-10-30,536.4,536.4,529.5,530.2,531.95,622999,334176663.59999996,542.342,438.31475,-0.009404096834264353,1.323587957203286
2016-11-01,534.4,537.9,525.05,529.45,530.6,6848662,3659924972.7999997,542.746,439.25,-0.0025378325030548377,1.3202289126648437
2016-11-02,522.6,526.0,512.35,513.8,513.3,4750117,2482411144.2000003,542.771,440.04974999999996,-0.032604598567659404,1.277183378949989
2016-11-03,509.8,521.45,505.2,509.25,510.2,6909458,3522441688.4,542.775,440.7997500000001,-0.0060393532047534615,1.2694700174172695
2016-11-04,509.25,516.35,501.6,513.5,512.3,7564243,3852090747.75,542.942,441.58625,0.004116032928263458,1.2746951978104022
2016-11-07,513.0,521.3,505.05,505.8,506.35,5507954,2825580402.0,542.9889999999999,442.295,-0.011614288502830195,1.25989052002986
2016-11-08,518.4,543.0,517.0,538.5,540.2,12739083,6603940627.2,543.826,443.2245,0.06685099239656367,1.3441154516048788
2016-11-09,501.15,544.0,500.0,534.2,533.5,10276017,5149825919.55,544.619,444.18549999999993,-0.012402813772676824,1.327444637969646
2016-11-10,536.0,549.35,531.5,532.9,533.7,6906437,3701850232.0,545.2180000000001,445.15299999999996,0.0003748828491096923,1.3279422741975635
2016-11-11,526.5,530.0,505.0,510.9,507.3,7823667,4119160675.5,544.858,445.91875,-0.04946599213041036,1.2622542921124675
2016-11-15,484.9,484.9,453.0,460.2,457.4,15356070,7446158343.0,543.4259999999999,446.4945,-0.09836388724620548,1.1380940532470778
2016-11-16,468.45,471.7,450.0,459.7,458.45,10855618,5085314252.099999,541.841,447.144,0.00229558373414962,1.1407066434436441
2016-11-17,460.0,476.0,459.65,475.4,472.85,8949767,4116892820.0,540.425,447.81075,0.03141018649798233,1.1765364518536965
2016-11-18,469.9,473.85,461.85,469.75,471.25,7246244,3405010055.6,538.8530000000001,448.50399999999996,-0.0033837369144549267,1.1725553620303573
2016-11-21,468.0,472.8,451.5,458.5,456.95,7325876,3428509968.0,536.2180000000001,449.10350000000005,-0.030344827586206935,1.1369743717342635
2016-11-22,464.05,471.0,453.3,465.5,464.85,6644867,3083550531.35,533.7669999999999,449.75674999999995,0.017288543604333073,1.1566310027370006
2016-11-23,467.0,475.3,462.0,468.5,471.5,6727083,3141547761.0,531.5129999999999,450.42975,0.014305690007529348,1.1731774073152539
2016-11-24,466.35,466.35,449.7,451.75,452.95,8046995,3752716118.25,529.107,451.00199999999995,-0.03934252386002124,1.1270216471759156
2016-11-25,454.1,456.35,443.15,454.8,452.35,7426347,3372304172.7000003,527.085,451.616,-0.0013246495198144803,1.1255287384921635
2016-11-28,451.25,460.0,450.5,454.15,454.7,5025929,2267950461.25,524.969,452.28799999999995,0.005195092295788628,1.1313759641701928
2016-11-29,455.0,466.3,451.35,457.85,459.85,8570549,3899599795.0,523.015,452.95975,0.011326149109302852,1.1441900970390657
2016-11-30,460.0,463.8,455.1,458.4,459.3,8377510,3853654600.0,521.2270000000001,453.57075000000003,-0.001196042187669888,1.1428215974122928
2016-12-01,457.0,457.7,446.9,448.5,448.2,7706825,3522019025.0,519.1020000000001,454.19425,-0.024167210973220166,1.1152027867628775
2016-12-02,445.0,453.5,431.15,432.1,432.9,10450654,4650541030.0,516.7909999999999,454.80549999999994,-0.034136546184738936,1.077133615327197
2016-12-05,436.0,441.0,428.3,439.3,439.3,8211182,3580075352.0,514.579,455.54425000000003,0.01478401478401481,1.0930579746205538
2016-12-06,441.0,445.9,438.1,440.1,441.1,4209420,1856354220.0,512.2320000000001,456.36800000000005,0.004097427725927583,1.0975367006718102
2016-12-07,440.0,449.2,439.25,446.25,445.35,5559803,2446313320.0,510.078,457.10299999999995,0.009635003400589426,1.1081114705150548
2016-12-08,451.2,464.4,451.2,461.25,461.55,8176055,3689036016.0,508.603,457.82449999999994,0.03637588413607262,1.1484200049763635
2016-12-09,464.95,468.55,460.6,464.5,464.1,5690877,2645973261.15,507.246,458.63925,0.005524861878453136,1.1547648668823105
2016-12-12,461.95,461.95,451.05,455.05,454.4,3837786,1772865242.7,505.534,459.3605,-0.020900667959491637,1.1306295098283168
2016-12-13,476.8,486.25,462.25,470.3,470.65,63880404,30458176627.2,504.421,460.14375,0.03576144366197176,1.171062453346605
2016-12-14,470.2,476.8,462.65,471.55,472.35,7660437,3601937477.4,503.17100000000005,460.9145,0.003612025921597928,1.175292361283903
2016-12-15,464.0,473.6,462.5,463.2,463.2,6539067,3034127088.0,501.619,461.63625,-0.01937122896157517,1.1525255038566822
2016-12-16,465.0,474.9,464.2,471.7,473.15,9015744,4192320960.0,500.083,462.40925000000004,0.021481001727115645,1.1772829061955723
2016-12-19,470.9,478.55,465.5,471.05,471.8,5445624,2564344341.6,498.32599999999996,463.23675,-0.002853217795624974,1.17392386165713
2016-12-20,473.0,475.0,469.1,473.0,473.15,3690160,1745445680.0,496.76,464.11150000000004,0.0028613819415006514,1.1772829061955723
2016-12-21,473.5,474.5,467.1,469.6,468.5,3492856,1653867316.0,494.81600000000003,464.945,-0.009827750184930761,1.1657128638964929
2016-12-22,468.15,472.95,464.8,470.85,469.6,5436494,2545094666.1,492.967,465.79449999999997,0.002347918890074796,1.1684498631500386
2016-12-23,464.95,468.3,460.0,468.3,465.65,3957854,1840204217.3,491.38300000000004,466.546,-0.008411413969335646,1.15862154764867
2016-12-26,465.5,465.5,455.6,459.5,457.85,3282425,1527968837.5,489.418,467.24975,-0.016750778481692152,1.1392137347598918
2016-12-27,460.0,468.75,457.4,465.9,466.95,3164664,1455745440.0,487.806,467.90100000000007,0.019875505078082334,1.1618561831301333
2016-12-28,467.0,468.65,462.0,463.6,463.35,3772181,1761608527.0,485.98799999999994,468.50025,-0.007709604882749632,1.1528987310276204
2016-12-29,462.75,472.7,459.35,471.65,470.9,4763171,2204157380.25,484.39599999999996,469.12450000000007,0.016294377900075485,1.171684498631502
2016-12-30,471.0,475.0,467.5,469.9,472.0,3605555,1698216405.0,482.899,469.74600000000004,0.0023359524315140767,1.1744214978850476
2017-01-02,472.0,488.7,469.05,486.55,487.05,4024156,1899401632.0,481.75,470.43875,0.031885593220339015,1.2118686240358314
2017-01-03,491.0,492.7,479.9,480.5,481.1,5814518,2854928338.0,480.17600000000004,471.07300000000004,-0.012216404886561949,1.197063946255289
2017-01-04,484.65,493.7,484.1,487.0,486.65,4769872,2311718464.7999997,478.833,471.6739999999999,0.01153606318852618,1.2108733515799965
2017-01-05,496.0,503.4,495.55,502.0,502.15,7961242,3948776032.0,478.275,472.38275,0.03185040583581622,1.2494401592435944
2017-01-06,502.95,507.95,496.25,498.55,497.75,4907475,2468214551.25,477.79,473.07375,-0.008762322015334001,1.2384921622294118
2017-01-09,499.4,504.6,492.15,501.25,500.15,3932710,1963995374.0,477.05299999999994,473.77,0.0048216976393771205,1.2444637969644206
2017-01-10,506.55,518.0,505.95,517.9,516.25,7973024,4038735307.2000003,476.73900000000003,474.52099999999996,0.03219034289713085,1.2845235133117707
2017-01-11,520.25,523.95,517.15,518.85,519.25,4886398,2542148559.5,476.51199999999994,475.24375,0.005811138014527817,1.2919880567305315
2017-01-12,521.7,524.0,513.2,519.15,518.25,4219627,2201379405.9,476.611,475.949,-0.001925854597977894,1.2894998755909446
2017-01-13,523.25,523.25,507.5,514.95,514.85,6367248,3331662516.0,476.704,476.63825,-0.006560540279787697,1.281040059716349
2017-01-16,518.65,529.45,517.0,526.5,526.4,6084582,3155768454.2999997,476.986,477.45375,0.022433718558803495,1.3097785518785783
2017-01-17,528.1,530.8,521.0,521.3,523.7,4297426,2269470670.6,477.333,478.21,-0.0051291793313068546,1.3030604628016937
2017-01-18,523.05,529.6,521.2,522.5,522.45,5874608,3072713714.3999996,476.978,478.87925,-0.002386862707657089,1.29995023637721
2017-01-19,523.0,535.6,522.7,530.65,531.45,5810128,3038696944.0,476.93700000000007,479.6035,0.017226528854435763,1.3223438666334926
2017-01-20,527.4,529.3,521.25,523.5,523.2,5013928,2644345627.2,476.72700000000003,480.32125,-0.015523567598080712,1.3018163722319
2017-01-23,523.2,534.95,523.0,533.4,532.7,4209879,2202608692.8,477.235,481.04275,0.018157492354740068,1.3254540930579761
2017-01-24,533.0,543.0,532.35,540.95,541.55,5183630,2762874790.0,478.918,481.898,0.016613478505725476,1.3474744961433207
2017-01-25,543.25,551.9,541.55,550.0,548.9,4504941,2447309198.25,480.727,482.75899999999996,0.013572154002400527,1.365762627519285
2017-01-27,549.0,552.0,539.75,540.75,541.95,4493803,2467097847.0,482.10900000000004,483.59275,-0.012661687010384282,1.3484697685991556
2017-01-30,542.0,543.5,530.8,532.75,532.3,4163428,2256577976.0,483.33,484.397,-0.01780607067072626,1.324458820602141
2017-01-31,530.2,531.5,518.0,522.35,523.55,6035022,3199768664.4,484.662,485.0815,-0.01643809881645686,1.302687235630755
2017-02-01,527.5,544.5,522.9,540.15,542.25,4786720,2524994800.0,486.21,485.81375,0.03571769649508183,1.3492162229410316
2017-02-02,537.6,537.6,526.8,532.5,531.5,6579801,3537301017.6000004,487.41,486.4275,-0.019824804057169243,1.3224682756904718
2017-02-03,531.9,531.9,519.5,522.35,522.6,5298261,2818145025.9,488.80300000000005,487.00375,-0.01674506114769514,1.3003234635481478
2017-02-06,527.9,531.45,523.2,524.35,525.85,3642527,1922890003.3,490.273,487.6125,0.006218905472636926,1.3084100522518056
2017-02-07,524.8,524.8,502.0,507.1,506.8,7987282,4191725593.5999994,491.315,488.089,-0.03622706094893979,1.261010201542674
2017-02-08,512.35,514.95,506.3,513.2,513.05,5975054,3061318916.9,492.379,488.56925,0.012332280978689658,1.2765613336650925
2017-02-09,515.4,518.0,505.75,513.65,512.85,4099871,2113073513.3999999,493.45,489.0725,-0.000389825553064882,1.2760636974371753
2017-02-10,513.0,514.8,506.5,508.6,509.55,4732032,2427532416.0,494.67699999999996,489.525,-0.006434630008774533,1.2678526996765382
2017-02-13,512.7,512.7,503.3,503.95,505.3,4700518,2409955578.6000004,496.125,489.95875,-0.008340692768128766,1.2572779298332937
2017-02-14,503.0,506.7,466.55,467.15,482.05,14901414,7495411242.0,496.98,490.31225,-0.04601226993865026,1.1994277183378967
2017-02-15,449.05,453.0,434.35,436.7,436.45,38638630,17350676801.5,496.88699999999994,490.45275000000004,-0.09459599626594761,1.085966658372731
2017-02-16,442.55,447.6,435.4,444.1,446.0,11622714,5143632080.7,496.9,490.64424999999994,0.021881086035055564,1.1097287882557865
2017-02-17,447.9,456.6,442.4,451.5,452.95,10063504,4507443441.599999,496.72799999999995,490.86075,0.015582959641255556,1.1270216471759158
2017-02-20,451.5,458.45,449.0,455.0,455.45,5866707,2648818210.5,496.555,491.22900000000004,0.005519372999227334,1.1332421000248833
2017-02-21,456.9,462.8,454.5,458.0,458.65,6875914,3141605106.6,496.64,491.5665,0.00702601822373472,1.1412042796715616
2017-02-22,460.25,466.7,455.8,460.0,460.05,7315280,3366857620.0,496.42800000000005,491.87325000000004,0.003052436498419242,1.1446877332669834
2017-02-23,464.0,464.7,457.25,464.0,462.35,9492419,4404482416.0,496.22799999999995,492.16824999999994,0.004999456580806472,1.1504105498880335
2017-02-27,464.0,464.0,455.1,458.0,457.8,5510484,2556864576.0,496.12,492.5125,-0.009841029523088629,1.1390893257029127
2017-02-28,460.0,460.0,454.1,457.0,456.75,5722402,2632304920.0,495.792,492.897,-0.002293577981651418,1.1364767355063463
2017-03-01,455.9,455.9,448.0,449.5,449.45,8367579,3814779266.1,495.345,493.20899999999995,-0.01598248494800225,1.1183130131873613
2017-03-02,457.85,467.9,453.2,461.3,461.7,13667695,6257754155.75,495.116,493.56775,0.027255534542218296,1.1487932321473016
2017-03-03,463.3,466.85,458.6,460.25,459.95,7085620,3282767746.0,494.945,493.904,-0.003790340047649998,1.1444389151530243
2017-03-06,462.5,472.7,462.1,470.25,470.8,4036291,1866784587.5,494.969,494.30950000000007,0.02358952060006536,1.171435680517543
2017-03-07,469.5,475.9,466.05,466.6,467.55,7114541,3340276999.5,495.00699999999995,494.72299999999996,-0.006903143585386573,1.1633490918138853
2017-03-08,469.4,469.6,461.15,463.0,462.8,5351597,2512039631.7999997,495.106,495.1025,-0.010159341246925413,1.1515302314008473
2017-03-09,462.45,469.7,462.0,467.6,467.6,3837624,1774709218.8,495.119,495.51825,0.010371650821089151,1.163473500870865
2017-03-10,471.0,471.85,465.1,468.45,469.1,5766815,2716169865.0,495.23400000000004,495.955,0.0032078699743369743,1.1672057725802454
2017-03-14,481.0,483.0,468.45,470.2,469.75,6348198,3053483238.0,495.211,496.35825,0.001385632061394082,1.1688230903209769
2017-03-15,475.0,476.55,470.65,473.35,473.45,4801312,2280623200.0,495.24,496.74050000000005,0.00787653006918565,1.1780293605374486
2017-03-16,478.7,482.0,476.15,480.9,480.95,6272947,3002859728.9,495.11800000000005,497.149,0.015841165909810995,1.1966907190843508
2017-03-17,481.35,484.2,471.7,476.0,476.5,6338248,3050915674.8,495.026,497.51200000000006,-0.009252521052084406,1.1856183130131888
2017-03-20,476.55,478.2,470.75,475.95,476.0,2871104,1368224611.2,494.81300000000005,497.78575000000006,-0.0010493179433368471,1.1843742224433953
2017-03-21,478.0,478.05,470.65,473.65,473.75,4685410,2239625980.0,494.245,497.85625,-0.004726890756302504,1.1787758148793246
2017-03-22,469.95,469.95,458.5,460.5,459.9,4695648,2206719777.6,493.48799999999994,497.90975,-0.02923482849604231,1.1443145060960451
2017-03-23,461.3,477.0,461.3,471.25,472.9,8665384,3997341639.2000003,492.94300000000004,498.00700000000006,0.02826701456838454,1.176660860910676
2017-03-24,470.75,474.8,467.55,469.7,470.4,4296510,2022582082.5,492.02600000000007,498.08925000000005,-0.005286529921759375,1.1704404080617086
2017-03-27,469.0,469.15,462.1,464.1,464.75,4417413,2071766697.0,490.93600000000004,498.1105,-0.012011054421768641,1.1563821846230422
2017-03-28,467.5,473.0,467.5,472.05,472.4,2982614,1394372045.0,490.019,498.15725,0.01646046261430878,1.1754167703408824
2017-03-29,474.9,475.0,463.6,469.25,469.05,6680569,3172602218.1,489.10299999999995,498.17175,-0.007091447925486771,1.1670813635232662
2017-03-30,463.5,469.8,462.85,468.5,468.4,9482785,4395270847.5,487.94300000000004,498.17800000000005,-0.001385779767615447,1.1654640457825347
2017-03-31,466.5,472.5,464.5,467.35,465.85,6400088,2985641052.0,486.786,498.2225,-0.005444064901793277,1.159119183876588
2017-04-03,468.25,472.3,467.6,470.8,470.4,2951896,1382225302.0,485.745,498.35325000000006,0.009767092411720357,1.1704404080617086
2017-04-05,470.4,475.0,467.25,471.8,473.5,5287168,2487083827.2,484.586,498.47875,0.006590136054421825,1.1781537695944282
2017-04-06,474.3,478.5,470.6,472.0,473.2,6703078,3179269895.4,483.586,498.58425000000005,-0.0006335797254488629,1.177407315252552
2017-04-07,468.45,480.55,466.65,468.0,468.3,8089461,3789508005.45,482.298,498.654,-0.010355029585798814,1.1652152276685759
2017-04-10,471.65,478.3,467.55,475.8,474.9,5437523,2564607722.95,480.965,498.7065,0.014093529788596904,1.1816372231898498
2017-04-11,477.9,478.35,471.1,472.55,472.25,4887918,2335936012.2,479.432,498.6575,-0.005580122130974918,1.1750435431699444
2017-04-12,468.7,471.55,461.6,465.05,464.55,5991598,2808261982.6,477.884,498.55575000000005,-0.016304923239809366,1.1558845483951248
2017-04-13,461.85,463.35,451.2,455.2,453.35,5930185,2738855942.25,476.305,498.45899999999995,-0.024109353137444778,1.1280169196317509
2017-04-17,452.0,455.7,447.3,447.5,449.2,4913930,2221096360.0,474.81800000000004,498.26525000000004,-0.009154075217822966,1.117690967902465
2017-04-18,452.0,455.75,442.5,443.4,443.7,4235130,1914278760.0,472.84700000000004,498.23675000000003,-0.012243989314336567,1.1040059716347366
2017-04-19,443.0,449.5,438.3,444.95,443.05,6319332,2799464076.0,471.07800000000003,498.20725000000004,-0.0014649537976109128,1.102388653894005
2017-04-20,447.85,447.85,442.1,444.1,443.95,3288900,1472933865.0,469.505,498.225,0.002031373434149497,1.1046280169196332
2017-04-21,446.75,448.45,437.6,440.2,440.6,5325590,2379207332.5,467.8,498.19174999999996,-0.007545894807973741,1.096292610102017
2017-04-24,439.8,449.0,438.75,443.9,443.85,6214069,2732947546.2000003,466.54100000000005,498.11474999999996,0.007376305038583775,1.1043791988056746
2017-04-25,445.85,447.75,443.3,446.3,445.65,5894090,2627880026.5,465.193,498.0535,0.004055424129773444,1.108857924856931
2017-04-26,446.0,454.4,445.5,451.0,450.8,8438042,3763366732.0,463.952,497.96,0.011556153932458235,1.121672057725804
2017-04-27,455.0,460.9,452.7,455.0,455.35,10589249,4818108295.0,462.86800000000005,497.93225,0.010093167701863415,1.1329932819109247
2017-04-28,457.1,462.0,454.4,459.35,458.9,5126904,2343507818.4,461.94,497.95099999999996,0.007796200724717206,1.1418263249564584
2017-05-02,456.6,457.2,448.55,450.5,451.25,6071958,2772456022.8,461.32399999999996,497.87575,-0.016670298539986916,1.1227917392386182
2017-05-03,451.35,456.0,444.65,445.95,446.6,5158586,2328327791.1,461.52700000000004,497.68575000000004,-0.010304709141274238,1.1112216969395388
2017-05-04,446.65,448.1,435.15,437.0,436.5,6204022,2771026426.2999997,461.33700000000005,497.44675,-0.022615315718764073,1.0860910674297104
2017-05-05,436.5,436.5,418.0,419.9,419.6,9487539,4141310773.5,460.67,497.13924999999995,-0.03871706758304694,1.0440408061706907
2017-05-08,424.75,428.7,417.25,422.6,422.65,7427873,3154989056.75,460.014,496.82200000000006,0.007268827454718574,1.0516297586464307
2017-05-09,424.75,428.8,422.7,426.9,426.8,2833132,1203372817.0,459.37699999999995,496.48600000000005,0.009818999171891774,1.0619557103757167
2017-05-10,427.8,433.0,424.0,432.0,432.3,5378402,2300880375.6,458.82199999999995,496.18424999999996,0.012886597938144284,1.075640706643445
2017-05-11,434.0,434.5,425.4,427.7,427.45,4049649,1757547666.0,458.124,495.82525000000004,-0.011219060837381445,1.0635730281164482
2017-05-12,429.65,433.8,427.45,432.0,430.85,3850940,1654556371.0,457.585,495.51,0.00795414668382266,1.0720328439910438
2017-05-15,434.0,434.0,430.1,431.95,431.9,1885702,818394668.0,457.088,495.21425000000005,0.002437043054427157,1.07464543418761
2017-05-16,432.25,439.5,432.25,437.3,437.25,3452072,1492158122.0,456.844,494.8645,0.012387126649687552,1.0879572032844003
2017-05-17,436.5,452.5,435.1,448.9,449.1,6572678,2868973947.0,456.592,494.565,0.02710120068610644,1.1174421497885059
2017-05-18,442.0,448.7,436.0,436.95,437.95,6158546,2722077332.0,456.152,494.2385,-0.024827432643063974,1.0896989300821112
2017-05-19,439.0,444.95,434.6,443.1,443.35,4387481,1926104159.0,455.603,493.90475,0.012330174677474659,1.103135108235881
2017-05-22,446.0,452.75,442.6,449.2,449.65,6145914,2741077644.0,455.245,493.61875,0.014209992105559843,1.1188106494152787
2017-05-23,451.45,456.45,444.3,447.9,450.5,10330814,4663845980.3,454.999,493.35524999999996,0.001890359168241984,1.1209256033839277
2017-05-24,470.0,473.35,458.1,470.5,469.55,27370795,12864273650.0,455.03799999999995,493.16175,0.042286348501664905,1.1683254540930594
2017-05-25,470.0,479.0,464.7,474.8,476.0,15108872,7101169840.0,455.176,493.07525000000004,0.013736556277286649,1.1843742224433953
2017-05-26,474.1,488.25,473.5,481.0,481.1,7692869,3647189192.9,455.403,493.08875,0.010714285714285676,1.1970639462552888
2017-05-29,482.5,485.0,471.8,483.5,481.5,4253044,2052093730.0,455.564,492.99625,0.0008314279775514244,1.1980592187111236
2017-05-30,482.7,487.0,480.0,480.7,481.3,3101380,1497036126.0,455.57099999999997,492.82075000000003,-0.00041536863966773474,1.1975615824832062
2017-05-31,482.3,483.0,474.8,476.4,476.15,5393856,2601456748.8,455.564,492.6275,-0.010700186993559235,1.184747449614333
2017-06-01,476.95,479.7,473.55,477.0,476.65,3001232,1431437602.3999999,455.577,492.44174999999996,0.0010500892575868725,1.1859915401841266
2017-06-02,480.0,485.95,477.7,477.95,478.75,4319080,2073158400.0,455.67699999999996,492.31825,0.004405748452743108,1.1912167205772592
2017-06-05,478.3,481.9,475.2,478.6,478.15,2464819,1178922927.7,456.04200000000003,492.19275,-0.001253263707571839,1.189723811893507
2017-06-06,482.9,484.35,457.6,461.7,461.0,8016939,3871379843.1,455.80400000000003,491.91375,-0.03586740562584956,1.1470515053495907
2017-06-07,462.55,463.65,453.5,458.6,458.0,5250544,2428639127.2000003,455.556,491.66575000000006,-0.006507592190889366,1.1395869619308299
2017-06-08,459.5,463.45,457.35,460.65,460.8,4066322,1868474959.0,455.477,491.41775,0.006113537117903967,1.1465538691216735
2017-06-09,459.95,468.0,455.0,466.9,467.1,4598706,2115174824.7,455.371,491.193,0.013671875,1.1622294103010713
2017-06-12,463.75,465.25,455.2,455.55,456.25,4341696,2013461520.0,455.115,490.92425,-0.02322843074288161,1.1352326449365526
2017-06-13,457.15,458.75,448.0,448.5,449.55,3577406,1635411152.8999999,454.73800000000006,490.65225,-0.014684931506849241,1.1185618313013201
2017-06-14,450.8,453.4,447.05,452.0,451.95,3605931,1625553694.8,454.46,490.392,0.005338672005338552,1.1245334660363286
2017-06-15,452.0,457.85,446.95,447.2,448.3,3879154,1753377608.0,454.01800000000003,490.14175,-0.00807611461444846,1.1154516048768364
2017-06-16,454.7,458.4,452.0,455.35,455.75,7042094,3202040141.7999997,453.663,489.95125,0.016618335935757234,1.1339885543667592
2017-06-19,453.8,456.4,450.5,452.9,452.35,3869675,1756058515.0,453.246,489.69425,-0.007460230389467859,1.1255287384921635
2017-06-20,457.0,470.75,456.0,466.5,467.4,12014975,5490843575.0,453.228,489.40475,0.03327069746877398,1.162975864642947
2017-06-21,466.0,466.0,455.5,458.5,457.3,5436141,2533241706.0,452.876,489.04625,-0.02160890029952922,1.137845235133119
2017-06-22,458.85,463.0,451.6,454.2,452.7,5008885,2298326882.25,452.485,488.62125,-0.010059042204242363,1.126399601891019
2017-06-23,454.0,456.5,442.4,444.1,443.15,6753648,3066156192.0,452.05699999999996,488.11875,-0.021095648332228878,1.1026374720079635
2017-06-27,443.8,444.5,434.4,444.0,442.3,5915274,2625198601.2000003,451.836,487.58099999999996,-0.0019180864267177578,1.1005225180393146
2017-06-28,443.9,446.8,440.15,442.0,442.5,4960238,2201849648.2,451.702,486.85,0.00045218177707440077,1.101020154267232
2017-06-29,444.5,446.25,434.0,437.0,435.6,11085101,4927327394.5,451.54,486.091,-0.015593220338983027,1.0838517044040819
2017-06-30,433.9,435.6,428.05,432.95,432.55,4776892,2072693438.8,451.33,485.33275000000003,-0.00700183654729114,1.0762627519283416
2017-07-03,431.5,434.7,426.25,429.6,430.25,6230025,2688255787.5,451.056,484.61775,-0.005317304357877695,1.0705399353072915
2017-07-04,434.2,436.4,426.0,426.9,426.9,5020683,2179980558.6,450.78200000000004,483.985,-0.007786170830912265,1.0622045284896753
2017-07-05,428.9,433.95,427.4,432.35,431.75,5050749,2166266246.1,450.54,483.34125,0.011360974467088392,1.0742722070166721
2017-07-06,435.4,438.8,433.8,436.6,437.1,4038188,1758227055.1999998,450.369,482.73900000000003,0.012391430225825228,1.0875839761134625
2017-07-07,434.45,441.45,432.25,436.7,436.85,5311730,2307681098.5,450.09,482.17975,-0.0005719514985129681,1.0869619308285656
2017-07-10,460.0,460.0,442.55,447.0,446.95,1189742,547281320.0,449.92199999999997,481.64225,0.023120064095227155,1.112092560338394
2017-07-11,452.0,462.3,451.0,456.55,456.95,12069006,5455190712.0,449.88300000000004,481.18475000000007,0.022373867322966756,1.1369743717342635
2017-07-12,461.0,463.8,456.6,461.75,461.0,6051540,2789759940.0,450.07800000000003,480.74025,0.008863114126272054,1.1470515053495907
2017-07-13,464.5,464.5,455.55,458.3,459.05,4382063,2035468263.5,450.327,480.24325,-0.004229934924078083,1.142199552127396
2017-07-14,460.0,460.0,450.4,451.0,451.3,3974269,1828163740.0,450.62299999999993,479.73449999999997,-0.016882692517155018,1.122916148295597
2017-07-17,455.0,458.35,453.25,454.85,454.15,4922453,2239716115.0,451.314,479.32875,0.006315089740748903,1.1300074645434197
2017-07-18,452.6,459.5,452.6,456.5,456.15,2349268,1063278696.8000001,451.98400000000004,478.94975,0.004403831333259944,1.1349838268225936
2017-07-19,453.0,462.9,453.0,460.5,460.6,3395937,1538359461.0,452.66,478.55275,0.009755562863093425,1.1460562328937558
2017-07-20,463.5,464.35,457.35,459.8,460.15,3318626,1538183151.0,453.21700000000004,478.222,-0.000976986539296676,1.1449365513809415
2017-07-21,460.0,465.9,457.6,464.5,464.6,3150269,1449123740.0,453.96,477.87075000000004,0.009670759534934348,1.1560089574521035
2017-07-24,464.95,468.35,461.0,464.9,464.0,3773074,1754290756.3,454.62300000000005,477.48675000000003,-0.00129143349117522,1.1545160487683512
2017-07-25,462.15,464.7,454.7,456.2,456.1,7052112,3259133560.7999997,455.10699999999997,477.0175,-0.017025862068965503,1.1348594177656142
2017-07-26,457.2,458.7,455.0,456.95,457.3,3641559,1664920774.8,455.50800000000004,476.50575,0.00263100197325139,1.1378452351331185
2017-07-27,459.0,460.95,440.3,444.05,445.4,13738611,6306022449.0,455.434,475.97549999999995,-0.02602230483271384,1.1082358795720335
2017-07-28,444.6,447.45,442.45,446.0,445.85,3365171,1496155026.6000001,455.59200000000004,475.37625,0.00101032779524024,1.1093555610848476
2017-07-31,446.25,449.7,443.7,444.3,444.6,3804621,1697812121.25,455.61699999999996,474.789,-0.002803633509027681,1.1062453346603638
2017-08-01,446.55,452.35,445.7,446.8,446.9,4012791,1791911821.05,455.56200000000007,474.29925000000003,0.005173189383715693,1.1119681512814137
2017-08-02,449.5,449.95,438.15,438.9,440.35,4045533,1818467083.5,455.35900000000004,473.7205,-0.014656522712016007,1.0956705648171192
2017-08-03,441.0,441.5,429.6,432.0,431.45,6197142,2732939622.0,454.59700000000004,473.14,-0.02021119563983198,1.0735257526747952
2017-08-04,435.1,438.75,433.45,435.75,435.6,4166729,1812943787.9,453.789,472.54675,0.009618727546645056,1.0838517044040812
2017-08-07,438.6,439.8,425.3,430.05,430.0,6461815,2834152059.0,452.767,471.94424999999995,-0.012855831037649312,1.069917890022394
2017-08-08,432.0,435.5,426.0,430.25,430.0,7134979,3082310928.0,451.73699999999997,471.36,0.0,1.069917890022394
2017-08-09,428.8,429.9,415.0,416.05,416.05,10849567,4652294329.6,450.43199999999996,470.71775,-0.03244186046511621,1.035207763125156
2017-08-10,401.0,403.6,375.25,382.15,380.2,28114017,11273720817.0,448.513,469.81975,-0.0861675279413533,0.9460064692709632
2017-08-11,376.0,379.1,358.5,375.0,374.5,14699477,5527003352.0,446.47,468.92325,-0.014992109416096744,0.9318238367753175
2017-08-14,380.0,381.8,372.6,375.8,375.4,8216208,3122159040.0,444.403,468.15,0.0024032042723631797,0.9340631998009459
2017-08-16,379.45,390.7,375.5,388.9,389.25,11019760,4181447932.0,442.625,467.48625,0.03689397975492814,0.9685245085842253
2017-08-17,392.45,392.45,384.5,385.0,385.3,5971420,2343483779.0,441.111,466.72775,-0.010147719974309521,0.9586961930828569
2017-08-18,381.75,383.0,377.0,381.55,380.4,5856198,2235603586.5,439.559,465.97,-0.012717363093693312,0.9465041054988808
2017-08-21,382.0,382.55,371.3,375.35,374.35,5123101,1957024582.0,437.83,465.18875,-0.015904311251314307,0.9314506096043798
2017-08-22,378.8,379.95,372.25,374.25,373.6,4163794,1577245167.2,435.96,464.49025,-0.002003472685988994,0.9295844737496896
2017-08-23,376.0,381.15,373.35,380.6,379.95,4448871,1672775496.0,434.434,463.83899999999994,0.0169967880085653,0.9453844239860668
2017-08-24,380.1,385.95,380.1,385.2,384.15,5208541,1979766434.1000001,433.126,463.19825000000003,0.011054086063955859,0.9558347847723321
2017-08-28,385.85,387.4,378.3,380.0,379.3,4403872,1699234011.2,431.673,462.56300000000005,-0.012625276584667389,0.9437671062453353
2017-08-29,379.0,382.35,374.45,375.55,376.1,4689547,1777338313.0,430.2289999999999,461.7425,-0.008436593725283381,0.9358049265986571
2017-08-30,380.85,382.75,377.45,379.0,378.5,3734824,1422407720.4,428.68399999999997,460.9675,0.00638128157404938,0.9417765613336657
2017-08-31,380.05,380.45,375.8,377.0,376.55,4685511,1780728455.55,427.168,460.18175,-0.0051519154557463365,0.9369246081114712
2017-09-01,379.35,392.85,378.65,391.0,390.85,7380325,2799726288.75,425.63699999999994,459.59950000000003,0.03797636436064278,0.9725055984075648
2017-09-04,393.0,396.05,380.5,384.2,383.4,8433560,3314389080.0,424.159,459.2295,-0.019061020851989352,0.9539686489176418
2017-09-05,385.7,389.5,383.4,389.1,388.15,4477993,1727161900.1,422.86799999999994,458.87799999999993,0.012389149713093461,0.9657875093306799
2017-09-06,385.0,386.7,381.85,382.75,382.7,5953907,2292254195.0,421.659,458.4272500000001,-0.014040963545021268,0.952226922119931
2017-09-07,383.7,384.4,376.0,378.25,378.15,7938665,3046065760.5,420.37600000000003,457.96175000000005,-0.011889208257120476,0.9409056979348103
2017-09-08,381.0,381.8,374.05,375.1,375.05,7471355,2846586255.0,419.02700000000004,457.55224999999996,-0.008197805103794753,0.9331923364020908
2017-09-11,380.0,380.0,374.2,375.0,375.3,5402725,2053035500.0,417.82099999999997,457.10450000000003,0.0006665777896279756,0.9338143816869874
2017-09-12,378.7,390.0,375.5,388.55,388.25,9266823,3509345870.1,416.935,456.68825000000004,0.034505728750332976,0.9660363274446385
2017-09-13,391.0,393.95,387.2,389.95,389.65,6537279,2556076089.0,416.12300000000005,456.37175,0.003605924018029505,0.9695197810400602
2017-09-14,390.75,406.6,390.25,403.8,404.4,11476571,4484470118.25,415.67299999999994,456.13199999999995,0.03785448479404585,1.0062204528489678
2017-09-15,402.85,406.75,400.0,402.0,401.75,9675506,3897777592.1000004,415.073,455.86725,-0.006552917903066224,0.9996267728290623
2017-09-18,411.85,413.0,403.2,404.45,404.95,8966503,3692854260.55,414.43,455.59275,0.007965152457996227,1.0075889524757407
2017-09-19,415.0,427.7,414.0,424.25,423.65,28208471,11706515465.0,414.16600000000005,455.4145,0.04617854056056303,1.0541179397860168
2017-09-20,422.75,422.75,413.0,414.55,414.8,5179160,2189489890.0,413.523,455.2475,-0.020889885518706408,1.0320975367006722
2017-09-21,415.4,418.45,408.8,415.5,413.65,6946502,2885576930.7999997,412.657,455.15125,-0.0027724204435873867,1.029236128390147
2017-09-22,414.0,422.15,408.85,415.0,411.8,9781308,4049461512.0,411.673,455.01375,-0.00447238003142747,1.0246329932819112
2017-09-25,413.65,415.3,404.6,407.95,408.2,6957357,2877910723.0499997,410.656,454.84925,-0.008742107819329825,1.015675541179398
2017-09-26,409.4,413.9,403.3,410.65,411.25,5077291,2078642935.3999999,409.855,454.67875,0.007471827535521891,1.0232644936551385
2017-09-27,413.5,414.25,402.0,407.0,404.9,4727360,1954763360.0,408.87,454.3955,-0.015440729483282678,1.0074645434187612
2017-09-28,406.95,406.95,399.0,400.6,401.4,4850748,1974011898.6,407.775,454.082,-0.008644109656705368,0.9987559094302069
2017-09-29,401.4,405.0,397.4,403.85,401.5,7520906,3018891668.3999996,406.593,453.8175,0.00024912805181864783,0.9990047275441656
2017-10-03,428.0,428.0,415.0,416.0,416.0,9696920,4150281760.0,405.71,453.54425000000003,0.036114570361145626,1.0350833540681765
2017-10-04,417.55,426.0,412.7,425.8,423.55,7663143,3199745359.65,404.889,453.30025,0.01814903846153859,1.0538691216720582
2017-10-05,423.0,425.8,420.1,424.25,423.3,4606192,1948419216.0,404.075,453.10075000000006,-0.0005902490851139586,1.0532470763871613
2017-10-06,422.0,426.0,416.2,424.65,424.85,5308695,2240269290.0,403.45,452.85925,0.0036617056461138997,1.0571037571535211
2017-10-09,424.0,432.1,423.05,425.2,425.6,4414381,1871697544.0,402.816,452.62825000000004,0.0017653289396257765,1.0589698930082114
2017-10-10,425.6,428.9,421.4,423.9,423.6,5057869,2152629046.4,402.38,452.3805,-0.0046992481203007586,1.0539935307290376
2017-10-11,424.9,424.9,414.1,414.45,415.5,4320451,1835759629.8999999,401.77299999999997,452.11549999999994,-0.01912181303116156,1.033839263498383
2017-10-12,415.5,421.8,409.35,420.0,420.15,5442846,2261502513.0,401.284,451.86825000000005,0.01119133574007214,1.0454093057974623
2017-10-13,421.0,429.3,418.9,425.5,424.8,6969434,2934131714.0,400.842,451.664,0.011067475901463952,1.056979348096542
2017-10-16,426.3,438.0,425.85,437.5,437.05,8476709,3613621046.7000003,400.776,451.56,0.028837099811676037,1.0874595670564822
2017-10-17,435.75,435.75,430.2,434.0,432.3,5135763,2237908727.25,400.79299999999995,451.38674999999995,-0.010868321702322437,1.0756407066434441
2017-10-18,432.25,437.3,426.6,432.5,433.2,5539785,2394572066.25,400.745,451.236,0.002081887578070818,1.0778800696690725
2017-10-19,433.0,433.1,424.25,424.35,426.95,1313380,568693540.0,400.684,451.01625,-0.014427516158818099,1.062328937546654
2017-10-23,429.1,430.85,421.0,422.0,422.75,4013418,1722157663.8000002,400.539,450.77,-0.009837217472771997,1.0518785767603889
2017-10-24,422.75,423.8,415.05,415.85,416.05,4541742,1920021430.5,400.539,450.415,-0.01584861028976936,1.0352077631251562
2017-10-25,421.0,424.4,415.1,421.35,421.95,5666968,2385793528.0,401.374,450.11925,0.01418098786203581,1.0498880318487191
2017-10-26,421.7,422.4,417.0,422.0,419.4,6207936,2617886611.2,402.27200000000005,449.783,-0.00604337006754363,1.0435431699427724
2017-10-27,422.05,434.35,422.05,429.85,429.9,7414741,3129391439.05,403.36199999999997,449.42175,0.025035765379113117,1.0696690719084356
2017-10-30,428.25,440.95,428.25,437.6,436.55,7675104,3286863288.0,404.30799999999994,449.11575,0.015468713654338329,1.0862154764866891
2017-10-31,438.85,438.85,427.3,428.4,428.4,6214996,2727450994.6,405.17,448.75700000000006,-0.018669110067575434,1.0659368001990552
2017-11-01,430.95,439.95,428.45,437.2,437.75,7310931,3150645714.45,406.31699999999995,448.3645,0.02182539682539697,1.0892012938541935
2017-11-02,435.7,440.4,429.9,435.5,434.9,8262211,3599845332.7,407.528,447.94275,-0.006510565391205092,1.0821099776063705
2017-11-03,434.0,449.35,432.65,448.5,447.7,8116263,3522458142.0,409.01,447.59,0.02943205334559673,1.1139586961930836
2017-11-06,445.75,468.0,443.55,457.9,462.9,19456789,8672863696.75,410.66900000000004,447.33025000000004,0.033951306678579485,1.1517790495148055
2017-11-07,458.2,465.9,450.05,451.7,451.85,13266543,6078730002.599999,412.02299999999997,446.9575,-0.023871246489522435,1.1242846479223696
2017-11-08,448.0,455.0,431.3,440.5,438.2,11193613,5014738624.0,413.20099999999996,446.53,-0.030209140201394313,1.0903209753670076
2017-11-09,442.1,450.9,425.65,440.35,440.15,40547266,17925946298.600002,414.482,446.1185,0.004450022820629895,1.0951729285892022
2017-11-10,438.95,438.95,420.0,421.55,422.55,22534490,9891514385.5,415.36300000000006,445.574,-0.03998636828353963,1.0513809405324717
2017-11-13,423.0,427.5,416.1,417.85,418.1,9857544,4169741112.0,416.19399999999996,445.0485,-0.010531298071234096,1.0403085344613097
2017-11-14,418.55,421.85,410.65,414.0,414.3,8987515,3761724403.25,416.663,444.4565,-0.009088734752451644,1.0308534461308791
2017-11-15,414.3,417.55,407.0,409.65,408.65,9867270,4088009961.0,417.16799999999995,443.792,-0.013637460777214616,1.0167952226922128
2017-11-16,411.35,415.9,411.35,415.0,413.45,6291441,2587984255.35,417.67400000000004,443.1147500000001,0.011745992903462676,1.0287384921622302
2017-11-17,419.45,423.45,417.0,421.7,421.8,6191428,2596994474.6,418.45599999999996,442.51399999999995,0.020195912444068265,1.0495148046777814
2017-11-20,421.0,425.7,420.1,423.35,423.0,4051153,1705535413.0,419.35299999999995,441.9675,0.002844950213371167,1.0525006220452857
2017-11-21,424.45,430.0,422.5,424.0,424.25,6745407,2863088001.15,420.337,441.471,0.002955082742316817,1.0556108484697695
2017-11-22,425.45,433.0,424.5,428.0,428.6,7899417,3360806962.65,421.403,440.90275,0.010253388332351232,1.0664344364269729
2017-11-23,428.6,431.05,422.45,426.4,426.25,7374216,3160588977.6000004,422.163,440.3765,-0.005482967802146521,1.0605872107489436
2017-11-24,427.0,429.95,424.25,425.5,425.5,5108182,2181193714.0,422.88,439.89099999999996,-0.0017595307917888103,1.0587210748942535
2017-11-27,423.0,424.75,417.8,421.65,421.4,7946028,3361169844.0,423.22,439.36875,-0.009635722679200986,1.048519532221947
2017-11-28,419.8,422.25,414.5,414.8,415.95,6217480,2610098104.0,423.504,438.91450000000003,-0.012933080208827663,1.034958945011198
2017-11-29,415.9,419.45,412.05,412.5,413.95,4327453,1799787702.6999998,423.684,438.41900000000004,-0.004808270224786582,1.0299825827320241
2017-11-30,410.4,412.25,402.25,404.85,404.15,25646262,10525225924.8,423.2939999999999,437.87549999999993,-0.02367435680637764,1.0055984075640718
2017-12-01,407.9,410.25,396.5,399.0,398.9,7959197,3246556456.2999997,422.976,437.32225000000005,-0.012990226401088711,0.9925354565812402
2017-12-04,405.8,411.25,401.7,404.25,403.65,10043491,4075648647.8,422.77600000000007,436.814,0.011907746302331379,1.0043543169942784
2017-12-05,404.55,405.5,396.55,402.25,402.25,7144542,2890324466.1,422.585,436.415,-0.003468351294438232,1.0008708633988566
2017-12-06,400.2,404.0,395.0,395.75,397.05,5573968,2230701993.6,422.362,436.218,-0.012927284027346109,0.9879323214730044
2017-12-07,398.0,405.3,397.15,402.55,402.0,7998863,3183547474.0,422.177,435.99800000000005,0.012466943709860123,1.0002488181139597
2017-12-08,406.0,413.75,406.0,410.85,411.15,12288946,4989312076.0,422.30199999999996,435.789,0.022761194029850662,1.0230156755411803
2017-12-11,412.0,415.2,409.05,410.2,410.15,5066242,2087291704.0,422.477,435.5625,-0.0024322023592362463,1.0205274944015934
2017-12-12,411.55,415.5,405.95,406.25,406.85,6151197,2531525125.35,422.58399999999995,435.3035,-0.008045836888943003,1.0123164966409566
2017-12-13,407.0,409.85,400.0,401.65,401.95,5140689,2092260423.0,422.30299999999994,435.013,-0.012043750768096384,1.0001244090569805
2017-12-14,404.0,404.55,398.2,402.95,402.4,4674026,1888306504.0,421.88,434.71325,0.001119542231620807,1.0012440905697946
2017-12-15,406.5,409.0,404.2,404.95,405.1,5614113,2282136934.5,421.51599999999996,434.44975,0.006709741550696036,1.0079621796466796
2017-12-18,399.0,409.9,389.3,406.5,405.8,5356208,2137126992.0,421.135,434.195,0.001727968402863489,1.0097039064443905
2017-12-19,407.35,421.7,407.35,420.55,420.1,9686883,3945951790.05,421.025,434.04825000000005,0.03523903400689998,1.0452848967404842
2017-12-20,421.95,427.75,419.25,422.65,422.6,11191127,4722096037.65,421.005,433.85274999999996,0.0059509640561770105,1.0515053495894515
2017-12-21,424.0,426.05,419.55,420.85,420.8,4885225,2071335400.0,421.111,433.657,-0.004259346900141958,1.047026623538195
2017-12-22,422.05,426.4,420.9,421.4,422.0,5345261,2255967405.05,421.14799999999997,433.41299999999995,0.002851711026615966,1.0500124409056995
2017-12-26,422.0,425.15,421.15,423.0,424.2,3700655,1561676410.0,421.13599999999997,433.19625,0.005213270142180093,1.0554864394127907
2017-12-27,423.5,428.45,420.3,421.1,422.45,3673355,1555665842.5,420.844,432.9945,-0.004125412541254092,1.0511321224185135
2017-12-28,423.5,423.7,416.0,417.5,418.6,5018893,2125501185.5,420.57,432.74949999999995,-0.009113504556752194,1.0415526250311038
2017-12-29,418.0,433.45,417.15,431.2,431.85,8640908,3611899544.0,420.543,432.56325000000004,0.03165312947921639,1.074521025130631
2018-01-01,430.95,436.4,422.25,424.5,424.45,6807536,2933707639.2,420.49300000000005,432.33675000000005,-0.017135579483617103,1.0561084846976874
2018-01-02,428.85,440.85,422.0,438.2,439.3,15331261,6574811279.85,420.824,432.166,0.03498645305689729,1.093057974620554
2018-01-03,440.4,441.4,431.95,433.45,433.9,9794953,4313697301.2,421.181,431.93075,-0.012292283177782859,1.0796217964667842
2018-01-04,430.0,433.3,425.75,430.0,429.95,8395377,3610012110.0,421.341,431.698,-0.009103480064530989,1.0697934809654157
2018-01-05,431.25,436.35,429.8,430.35,431.6,7021611,3028069743.75,421.585,431.476,0.0038376555413421887,1.0738989798457343
2018-01-08,432.0,436.2,431.65,432.75,433.55,4635214,2002412448.0,421.658,431.275,0.004518072289156683,1.078750933067929
2018-01-09,434.25,443.5,433.0,435.5,437.55,12629045,5484162791.25,421.67800000000005,431.16325000000006,0.009226156152692955,1.088703657626277
2018-01-10,438.0,439.3,431.3,432.6,433.3,4702579,2059729602.0,421.776,430.96524999999997,-0.009713175637070082,1.0781288877830324
2018-01-11,433.5,437.6,432.9,434.0,434.75,4565005,1978929667.5,421.716,430.787,0.003346411262404869,1.0817367504354336
2018-01-12,437.0,441.45,432.1,436.0,437.1,7408870,3237676190.0,421.76,430.64875,0.00540540540540535,1.087583976113463
2018-01-15,438.05,440.05,431.05,432.25,432.35,4042775,1770937588.75,421.45300000000003,430.4485000000001,-0.010867078471745617,1.0757651157004249
2018-01-16,433.0,435.2,419.5,421.9,421.9,5623745,2435081585.0,420.63300000000004,430.21275,-0.024170232450561047,1.0497636227917408
2018-01-17,422.05,424.5,410.1,423.2,422.95,10204447,4306786856.35,420.055,429.98549999999994,0.0024887414079166614,1.0523762129883072
2018-01-18,424.0,428.3,414.45,418.0,418.95,9579830,4061847920.0,419.67,429.751,-0.00945738266934626,1.0424234884299592
2018-01-19,415.2,421.95,415.05,418.2,418.05,3894062,1616814542.3999999,419.22799999999995,429.48924999999997,-0.002148227712137407,1.0401841254043311
2018-01-22,419.05,424.4,418.45,422.2,421.9,4643782,1945976847.1000001,419.215,429.23125,0.009209424709962777,1.0497636227917408
2018-01-23,422.8,422.8,414.75,417.5,418.0,6185011,2615022650.8,419.213,428.95525000000004,-0.009243896657975759,1.0400597163473517
2018-01-24,416.0,416.25,402.65,403.95,403.6,10789570,4488461120.0,418.99899999999997,428.63174999999995,-0.034449760765550175,1.0042299079372994
2018-01-25,403.45,407.65,398.0,399.9,400.3,16312167,6581143776.15,418.83200000000005,428.25875,-0.008176412289395474,0.9960189101766623
2018-01-29,402.5,405.9,398.1,398.9,399.25,5789602,2330314805.0,418.548,427.89375,-0.0026230327254559427,0.993406319980096
2018-01-30,400.0,402.3,395.0,395.7,395.85,6963005,2785202000.0,418.029,427.55025,-0.008515967438948002,0.9849465041055003
2018-01-31,395.5,400.95,395.25,400.0,399.5,5111454,2021580057.0,417.559,427.28100000000006,0.009220664393078115,0.9940283652649927
2018-02-01,399.9,403.8,390.55,393.3,393.65,7259426,2903044457.3999996,416.94700000000006,427.00325,-0.014643304130162793,0.9794725055984089
2018-02-02,392.0,397.4,381.3,382.85,383.75,10070356,3947579552.0,416.05,426.70349999999996,-0.02514924425250853,0.954839512316498
2018-02-05,381.0,398.0,380.0,398.0,395.8,9876017,3762762477.0,415.441,426.46725,0.03140065146579807,0.9848220950485209
2018-02-06,363.0,379.85,356.5,375.25,375.45,25294860,9182034180.0,414.44,426.12475,-0.051414855987872765,0.9341876088579261
2018-02-07,380.4,385.4,375.2,378.0,377.8,12706795,4833664818.0,413.56800000000004,425.81075000000004,0.006259155679850803,0.9400348345359554
2018-02-08,379.9,380.0,372.2,376.2,374.85,12452396,4730665240.4,412.746,425.46574999999996,-0.007808364213869767,0.9326947001741739
2018-02-09,369.9,373.2,368.0,369.1,368.75,8816777,3261325812.2999997,411.842,425.08125,-0.016273175937041584,0.9175167952226932
2018-02-12,373.4,376.2,370.2,371.0,371.8,6002369,2241284584.6,411.195,424.68625,0.008271186440677925,0.9251057476984335
2018-02-14,372.9,382.3,370.6,375.8,376.85,9623436,3588579284.3999996,410.754,424.29375,0.01358257127487894,0.9376710624533476
2018-02-15,379.8,382.2,373.1,375.9,375.8,10225880,3883789224.0,410.19699999999995,423.87825000000004,-0.0027862544779090337,0.9350584722567813
2018-02-16,378.0,379.4,367.6,370.5,370.75,8545282,3230116596.0,409.56699999999995,423.47575000000006,-0.013437998935604045,0.9224931575018671
2018-02-19,373.7,374.7,362.8,370.5,368.75,5658765,2114680480.5,409.001,423.0865,-0.0053944706675657095,0.9175167952226932
2018-02-20,370.35,370.9,366.5,369.2,369.3,3972114,1471072419.9,408.347,422.75049999999993,0.0014915254237288789,0.9188852948494661
2018-02-21,372.5,372.5,362.85,364.05,364.45,8640166,3218461835.0,407.413,422.4747500000001,-0.013132954237747185,0.9068176163224693
2018-02-22,363.0,363.0,357.5,358.65,358.5,10870704,3946065552.0,406.38,422.154,-0.016325970640691412,0.8920129385419269
2018-02-23,360.1,364.6,358.75,360.35,360.2,6751064,2431058146.4,405.44700000000006,421.82099999999997,0.004741980474197938,0.8962428464792246
2018-02-26,362.0,373.5,362.0,372.8,372.05,10576794,3828799428.0,404.849,421.51975000000004,0.03289838978345361,0.9257277929833301
2018-02-27,375.0,376.6,370.35,373.3,372.55,6156672,2308752000.0,404.25199999999995,421.24524999999994,0.0013439053890607067,0.9269718835531237
2018-02-28,370.0,373.65,367.15,369.85,369.9,8009429,2963488730.0,403.548,420.94050000000004,-0.007113139175949579,0.9203782035332182
2018-03-01,369.75,376.3,369.05,370.1,370.75,6991806,2585220268.5,402.84700000000004,420.63475,0.002297918356312545,0.9224931575018671
2018-03-05,368.75,368.75,350.1,351.95,352.05,14665325,5407838593.75,401.486,420.20875,-0.05043830074173972,0.8759641701915909
2018-03-06,355.15,357.95,345.0,346.2,346.5,8876632,3152535854.7999997,399.964,419.69575000000003,-0.015764806135492138,0.8621547648668832
2018-03-07,345.0,355.3,343.25,348.05,347.8,15599393,5381790585.0,398.504,419.245,0.0037518037518038394,0.8653894003483463
2018-03-08,350.8,351.9,341.05,345.05,345.15,7674221,2692116726.8,396.96700000000004,418.754,-0.007619321449108818,0.8587957203284408
2018-03-09,345.55,348.7,340.15,342.0,341.5,5519224,1907167853.2,395.31300000000005,418.21325,-0.010575112270027498,0.8497138591689484
2018-03-12,345.0,353.8,340.35,353.15,352.6,8238960,2842441200.0,393.916,417.72375,0.032503660322108496,0.8773326698183638
2018-03-13,352.6,356.45,350.0,353.8,353.15,6184241,2180563376.6,392.607,417.14175,0.0015598411798070089,0.8787011694451364
2018-03-14,351.0,354.9,349.6,354.85,354.05,3820313,1340929863.0,391.051,416.53200000000004,0.00254849214214925,0.8809405324707648
2018-03-15,354.05,358.4,351.1,353.5,353.1,4331145,1533441887.25,389.62399999999997,415.892,-0.0026832368309560595,0.8785767603881571
2018-03-16,352.05,352.6,338.4,339.5,339.75,14205582,5001075143.1,387.633,415.18325,-0.03780798640611727,0.8453595421746711
2018-03-19,341.2,342.1,332.55,336.0,335.7,9391347,3204327596.4,385.66900000000004,414.4552499999999,-0.01192052980132452,0.8352824085593439
2018-03-20,335.5,340.4,333.55,339.9,338.8,5080453,1704491981.5,383.846,413.76849999999996,0.009234435507893934,0.8429957700920635
2018-03-21,339.9,342.25,332.25,334.8,333.85,6812442,2315549035.7999997,381.89099999999996,413.0545,-0.01461038961038963,0.830679273451108
2018-03-22,338.5,340.25,334.8,338.1,338.2,9255091,3132848303.5,379.98400000000004,412.35175000000004,0.013029803804103457,0.8415028614083112
2018-03-23,330.0,334.8,329.6,330.4,330.85,8578297,2830838010.0,377.85,411.61525,-0.02173270254287396,0.8232147300323471
2018-03-26,328.8,333.9,324.3,332.35,332.35,8907023,2928629162.4,375.83099999999996,410.972,0.004533776635937681,0.8269470017417275
2018-03-27,333.95,335.8,330.1,330.8,331.15,6822448,2278356509.6,373.759,410.33775,-0.0036106514216941443,0.823961184374223
2018-03-28,331.5,333.65,325.2,327.3,326.85,10975624,3638419356.0,371.5539999999999,409.66799999999995,-0.012985052091197158,0.8132620054739993
2018-04-02,335.0,340.8,332.7,340.4,339.15,9874486,3307952810.0,369.69,409.02825000000007,0.0376319412574575,0.843866633490919
2018-04-03,338.4,344.5,337.15,342.45,343.1,6989584,2365275225.6,368.1139999999999,408.4625,0.011646763968745422,0.8536949489922875
2018-04-04,346.8,363.7,346.25,354.8,355.6,27157199,9418116613.2,366.76700000000005,407.99275,0.036432526960070044,0.8847972132371246
2018-04-05,362.6,372.35,359.8,362.0,362.2,28886070,10474088982.0,365.63200000000006,407.54400000000004,0.01856017997750281,0.9012192087583986
2018-04-06,362.0,368.35,356.45,363.4,364.1,13297051,4813532462.0,364.55300000000005,407.12300000000005,0.005245720596355641,0.9059467529236138
2018-04-09,361.9,368.6,357.0,358.25,358.3,9555113,3457995394.7,363.281,406.63575,-0.01592968964570174,0.8915153023140094
2018-04-10,360.5,362.35,351.5,353.45,353.25,8201215,2956538007.5,361.986,406.1402499999999,-0.01409433435668439,0.8789499875590953
2018-04-11,355.0,357.15,350.5,355.3,355.8,5622957,1996149735.0,361.03,405.58225,0.007218683651804669,0.885294849465042
2018-04-12,358.0,364.4,357.0,358.55,358.4,13145938,4706245804.0,360.19199999999995,405.08775,0.007307476110174127,0.891764120427968
2018-04-13,357.9,361.0,354.4,356.1,357.05,5935628,2124361261.1999998,359.34799999999996,404.60949999999997,-0.003766741071428492,0.8884050758895257
2018-04-16,350.8,352.8,337.55,340.0,339.15,19157051,6720293490.8,358.214,404.08950000000004,-0.05013303458899321,0.843866633490919
2018-04-17,342.3,344.2,332.6,336.7,336.45,14241074,4874719630.2,356.95300000000003,403.56025,-0.007961079168509522,0.8371485444140342
2018-04-18,338.2,339.75,333.4,335.3,334.8,6699271,2265693452.2,355.776,403.02175000000005,-0.004904146232723949,0.8330430455337158
2018-04-19,336.5,337.0,332.5,335.0,334.25,7087115,2384814197.5,354.786,402.515,-0.0016427718040621375,0.8316745459069429
2018-04-20,335.95,343.25,334.6,336.1,336.0,11908652,4000711639.4,353.59,402.03225,0.005235602094240788,0.83602886290122
2018-04-23,335.95,339.5,333.0,333.65,334.05,8056732,2706659115.4,352.76199999999994,401.55125,-0.0058035714285713524,0.8311769096790255
2018-04-24,334.8,335.0,330.6,331.85,331.55,9210931,3083819698.8,351.837,401.07449999999994,-0.007483909594372062,0.8249564568300581
2018-04-25,330.8,334.0,327.75,328.45,328.6,6306039,2086037701.2,350.91200000000003,400.55875,-0.008897602171618169,0.8176163224682765
2018-04-26,329.9,335.95,326.0,331.3,330.25,16647689,5492072601.099999,350.14200000000005,400.0245,0.005021302495435087,0.821721821348595
2018-04-27,333.0,337.65,331.05,336.65,336.9,8804236,2931810588.0,349.444,399.52475,0.020136260408781137,0.8382682259268482
2018-04-30,338.5,342.75,337.25,340.75,340.4,5937740,2009924990.0,348.715,398.992,0.010388839418224993,0.8469768599154026
2018-05-02,349.2,351.65,335.0,335.75,336.05,16022148,5594934081.599999,347.92,398.3875,-0.012779083431257221,0.8361532719581994
2018-05-03,335.5,335.9,329.15,333.25,333.5,6870513,2305057111.5,347.175,397.75,-0.007588156524326761,0.8298084100522527
2018-05-04,333.75,337.3,329.5,334.5,334.4,6660062,2222795692.5,346.48800000000006,397.12675,0.0026986506746626837,0.832047773077881
2018-05-07,337.85,337.85,333.7,335.3,335.15,3888627,1313772631.95,345.805,396.546,0.0022428229665072408,0.8339139089325713
2018-05-08,336.3,336.6,330.25,331.25,332.15,8114997,2729073491.1,345.159,395.936,-0.00895121587348946,0.8264493655138104
2018-05-09,331.0,347.25,331.0,341.45,341.95,19019847,6295569357.0,344.82800000000003,395.365,0.02950474183350904,0.8508335406817628
2018-05-10,343.75,343.75,332.75,333.5,333.6,11158000,3835562500.0,344.296,394.73,-0.024418774674659915,0.8300572281662117
2018-05-11,334.0,334.0,330.0,330.7,330.8,7365579,2460103386.0,343.471,394.08324999999996,-0.008393285371702697,0.8230903209753682
2018-05-14,333.0,333.0,323.0,323.5,323.6,8312976,2768221008.0,342.492,393.37825,-0.021765417170495738,0.805175416770342
2018-05-15,324.0,324.05,305.7,310.7,310.1,15323964,4964964336.0,341.296,392.60875,-0.041718170580964165,0.771584971385918
2018-05-16,309.95,315.75,306.7,309.8,310.25,12051269,3735290826.5499997,340.086,391.87950000000006,0.00048371493066734494,0.7719581985568559
2018-05-17,313.1,319.5,309.3,314.55,314.9,10214660,3198210046.0,339.343,391.1675,0.014987912973408513,0.7835282408559352
2018-05-18,314.75,315.0,303.5,304.8,304.6,11688577,3678979610.75,338.505,390.46350000000007,-0.03270879644331515,0.7578999751181896
2018-05-21,304.75,307.2,294.7,296.4,295.9,11549490,3519707077.5,337.46700000000004,389.71375,-0.028562048588312683,0.736252799203783
2018-05-22,296.55,312.5,296.55,308.0,307.7,17199292,5100450042.6,336.71799999999996,389.02924999999993,0.0398783372761069,0.7656133366509092
2018-05-23,311.1,317.25,305.4,309.4,309.45,17698475,5505995572.5,336.077,388.342,0.005687357816054561,0.7699676536451864
2018-05-24,300.0,307.65,284.1,289.85,288.65,46104103,13831230900.0,334.798,387.58349999999996,-0.06721602843755048,0.7182134859417775
2018-05-25,290.4,297.45,286.25,293.95,294.15,19240172,5587345948.799999,333.61799999999994,386.897,0.019054217910964732,0.7318984822095057
2018-05-28,293.75,299.9,290.3,295.95,296.3,8516862,2501828212.5,332.463,386.20050000000003,0.007309195988441486,0.7372480716596178
2018-05-29,296.8,300.0,293.0,293.2,294.65,9816561,2913555304.8,331.29400000000004,385.52375,-0.005568680391495273,0.7331425727792992
2018-05-30,289.95,292.25,286.15,288.95,288.9,11649429,3377751938.5499997,330.277,384.81825000000003,-0.019514678432038024,0.7188355312266741
2018-05-31,289.95,290.85,281.6,283.15,282.5,28771987,8342437630.65,329.213,384.1505,-0.02215299411561089,0.7029111719333175
2018-06-01,284.5,290.35,283.05,287.5,287.2,15840810,4506710445.0,328.181,383.68550000000005,0.016637168141592884,0.7146056232893763
2018-06-04,292.5,293.85,286.0,287.15,286.65,10835487,3169379947.5,327.23699999999997,383.24625,-0.0019150417827298316,0.7132371236626034
2018-06-05,286.65,288.25,283.6,285.5,284.95,7456195,2137318296.7499998,326.172,382.79400000000004,-0.005930577359148703,0.7090072157253056
2018-06-06,286.85,296.9,285.25,295.45,295.65,19754001,5666435186.85,325.468,382.32599999999996,0.037550447446920376,0.735630753918886
2018-06-07,296.3,306.9,295.25,304.75,305.4,22839023,6767202514.900001,324.929,381.9264999999999,0.03297818366311511,0.7598905200298589
2018-06-08,305.7,315.55,302.4,308.95,309.95,27249374,8330133631.799999,324.505,381.57425,0.014898493778650934,0.7712117442149796
2018-06-11,310.9,313.9,306.65,309.35,309.75,14650133,4554726349.7,324.163,381.25125,-0.0006452653653814533,0.7707141079870623
2018-06-12,310.95,313.65,307.2,308.25,307.8,7932388,2466576048.6,323.536,380.92224999999996,-0.006295399515738431,0.7658621547648677
2018-06-13,309.2,311.25,307.0,308.85,308.4,7280886,2251249951.2,322.842,380.56450000000007,0.0019493177387912564,0.7673550634486198
2018-06-14,308.5,309.6,303.8,306.3,305.9,6532693,2015335790.5,321.848,380.17325,-0.008106355382619945,0.7611346105996524
2018-06-15,305.75,307.65,300.55,302.7,302.95,8224497,2514639957.75,320.663,379.7914999999999,-0.009643674403399749,0.7537944762378709
2018-06-18,302.9,311.0,302.1,308.75,308.8,8787098,2661611984.2,319.557,379.455,0.01931011718105302,0.7683503359044547
2018-06-19,309.6,312.8,303.3,304.95,305.05,10498362,3250292875.2000003,318.492,379.08775,-0.012143782383419732,0.7590196566310036
2018-06-20,304.9,308.25,304.05,306.0,305.6,6607472,2014618212.8,317.539,378.733,0.0018029831175216948,0.7603881562577763
2018-06-21,307.9,308.5,305.5,307.0,307.0,5085379,1565788194.1,316.563,378.31375,0.0045811518324605505,0.7638716098531979
2018-06-22,306.85,308.9,303.2,308.0,308.0,6033095,1851255200.7500002,315.555,377.93675,0.0032573289902280145,0.7663597909927848
2018-06-25,306.3,306.3,287.6,288.55,289.4,16392183,5020925652.900001,314.202,377.44300000000004,-0.06038961038961044,0.7200796217964672
2018-06-26,288.4,288.4,275.1,276.6,276.85,30728620,8862134008.0,312.95599999999996,376.91375,-0.04336558396682777,0.688852948494651
2018-06-27,278.5,279.5,270.0,270.75,271.05,19077416,5313060356.0,311.64799999999997,376.37825,-0.020949972909517833,0.6744214978850466
2018-06-28,272.0,272.65,261.85,263.95,263.35,19507165,5305948880.0,310.219,375.81975,-0.028408042796531974,0.6552625031102269
2018-06-29,265.45,270.5,262.65,268.9,269.3,14765516,3919506222.2,308.92,375.28974999999997,0.02259350674007976,0.6700671808907693
2018-07-02,276.0,276.05,265.6,266.55,266.7,16495647,4552798572.0,307.534,374.68199999999996,-0.009654660230226653,0.6635979099278432
2018-07-03,269.5,271.5,267.2,270.2,269.45,11484332,3095027474.0,306.242,374.08099999999996,0.010311211098612771,0.6704404080617073
2018-07-04,270.0,271.5,265.65,267.1,267.05,7394858,1996611660.0,304.952,373.39425000000006,-0.008907032844683527,0.6644687733266987
2018-07-05,263.5,263.75,252.55,263.4,261.55,20820454,5486189629.0,303.61100000000005,372.69325000000003,-0.020595394120951127,0.6507837770589704
2018-07-06,262.0,272.5,261.85,269.5,270.85,19215897,5034565014.0,302.423,372.0227499999999,0.0355572548269929,0.6739238616571291
2018-07-09,274.6,277.0,272.05,273.15,273.5,9387556,2577822877.6000004,301.155,371.272,0.009784013291489702,0.6805175416770346
2018-07-10,274.9,276.9,272.9,275.25,275.45,6351033,1745898971.6999998,299.856,370.57525000000004,0.007129798903107831,0.6853694948992292
2018-07-11,276.4,276.4,267.1,267.8,267.8,7356582,2033359264.7999997,298.491,369.846,-0.02777273552368842,0.6663349091813889
2018-07-12,269.6,272.0,265.5,265.95,266.1,8573517,2311420183.2000003,297.143,369.1175,-0.0063480209111276276,0.6621050012440911
2018-07-13,267.3,269.4,262.7,263.0,263.6,8352827,2232710657.1,295.72700000000003,368.39450000000005,-0.009394964299135666,0.6558845483951237
2018-07-16,260.5,260.8,250.5,253.0,252.1,11067012,2882956626.0,294.06600000000003,367.59875,-0.04362670713201833,0.6272704652898735
2018-07-17,253.0,259.0,252.3,258.55,257.95,6350966,1606794398.0,292.582,366.8639999999999,0.023205077350257897,0.6418263249564573
2018-07-18,259.45,259.45,247.3,251.55,251.85,9348644,2425505685.7999997,290.78,366.11625,-0.02364799379724747,0.6266484200049769
2018-07-19,254.0,257.85,251.2,252.7,252.5,9556686,2427398244.0,289.158,365.37125,0.0025809013301567596,0.6282657377457084
2018-07-20,252.7,254.0,251.0,253.8,253.4,6422014,1622842937.8,287.61,364.55825,0.0035643564356435675,0.6305051007713366
2018-07-23,254.95,259.5,251.1,257.95,258.75,8891743,2266949877.85,286.313,363.73425,0.021112865035517014,0.6438168698681269
2018-07-24,258.75,263.75,257.1,258.85,258.8,9906160,2563218900.0,285.28700000000003,362.91175,0.00019323671497595285,0.6439412789251063
2018-07-25,260.0,261.7,256.1,257.45,257.85,6721386,1747560360.0,284.23900000000003,362.07675,-0.0036707882534775527,0.6415775068424987
2018-07-26,260.1,263.0,257.5,258.25,258.25,8817721,2293489232.1000004,283.106,361.24,0.0015512895094045298,0.6425727792983333
2018-07-27,259.1,269.7,258.55,268.3,268.15,15275469,3957874017.9000006,282.377,360.46275,0.03833494675701821,0.6672057725802442
2018-07-30,267.75,271.65,266.2,268.0,267.5,7801098,2088743989.5,281.809,359.72275,-0.0024240164087263594,0.6655884548395127
2018-07-31,268.95,270.45,262.2,263.6,264.1,10026055,2696507492.25,280.937,358.9425,-0.012710280373831706,0.657128638964917
2018-08-01,250.0,268.0,250.0,264.4,265.05,53282545,13320636250.0,280.04900000000004,358.14375,0.003597122302158251,0.6594924110475247
2018-08-02,263.45,266.45,258.7,260.25,260.85,17421472,4589686798.4,279.493,357.26275000000004,-0.015846066779852785,0.6490420502612595
2018-08-03,262.15,263.85,257.6,258.2,258.45,9044248,2370949613.2,278.779,356.39349999999996,-0.009200690051754057,0.6430704155262507
2018-08-06,259.95,261.8,252.5,253.5,254.05,11371744,2956084852.7999997,277.934,355.49775,-0.017024569549235702,0.6321224185120681
2018-08-07,255.2,256.0,250.55,251.9,251.6,14490829,3698059560.7999997,277.07300000000004,354.621,-0.009643770911238025,0.6260263747200799
2018-08-08,253.5,258.25,251.85,255.25,255.15,16125867,4087907284.5,276.39799999999997,353.78299999999996,0.014109697933227361,0.6348594177656137
2018-08-09,256.65,260.4,255.5,257.75,257.85,7777719,1996151581.35,275.905,352.992,0.010582010582010692,0.6415775068424986
2018-08-10,257.25,258.65,249.55,250.0,250.1,14606037,3757403018.25,275.163,352.13274999999993,-0.03005623424471604,0.6222941030106995
2018-08-13,249.25,249.7,243.1,249.0,248.7,13877900,3459066575.0,274.404,351.27925000000005,-0.00559776089564179,0.6188106494152777
2018-08-14,248.6,249.85,247.2,248.6,248.8,9171033,2279918803.7999997,273.681,350.37375,0.00040209087253728626,0.6190594675292365
2018-08-16,245.8,252.8,245.25,251.8,251.3,14148347,3477663692.6000004,272.79400000000004,349.4475,0.010048231511254002,0.6252799203782039
2018-08-17,253.7,260.1,253.0,259.05,258.25,16117660,4089050342.0,271.851,348.59674999999993,0.0276561878233188,0.6425727792983333
2018-08-20,261.85,271.85,259.2,270.55,270.1,25576718,6697263608.3,271.05400000000003,347.75849999999997,0.04588576960309787,0.6720577258024389
2018-08-21,271.85,274.7,266.7,268.5,268.8,19505584,5302593010.400001,270.235,346.92800000000005,-0.0048130322102925005,0.6688230903209759
2018-08-23,269.2,269.2,256.0,256.55,256.9,18667622,5025323842.4,269.217,345.974,-0.04427083333333348,0.6392137347598909
2018-08-24,257.0,258.65,255.0,255.15,255.5,8703468,2236791276.0,268.159,344.93699999999995,-0.005449591280653809,0.6357302811644692
2018-08-27,257.0,259.5,256.5,259.2,258.8,6127707,1574820699.0,267.217,343.97175000000004,0.012915851272015777,0.6439412789251062
2018-08-28,261.7,263.25,259.05,259.8,260.0,8506857,2226244476.9,266.358,343.08075,0.004636785162287493,0.6469270962926106
2018-08-29,261.05,263.5,261.0,261.9,261.7,5117552,1335936949.6000001,265.416,342.1885,0.006538461538461604,0.6511570042299084
2018-08-30,262.3,263.0,259.0,259.9,259.35,6333570,1661295411.0,264.502,341.3725,-0.008979747802827509,0.6453097785518791
2018-08-31,259.1,268.25,258.1,266.95,267.5,12360078,3202496209.8,263.74,340.6195,0.03142471563524185,0.6655884548395128
2018-09-03,271.4,273.0,265.25,266.65,266.6,14597832,3961851604.7999997,262.932,339.881,-0.0033644859813083405,0.6633490918138846
2018-09-04,270.5,270.8,260.35,261.4,261.95,14775900,3996880950.0,262.01099999999997,339.1475,-0.01744186046511642,0.6517790495148051
2018-09-05,261.0,271.0,255.4,268.75,266.5,10084307,2632004127.0,261.553,338.41274999999996,0.017369727047146455,0.6631002736999259
2018-09-06,269.7,272.0,263.85,268.65,269.95,14736214,3974356915.7999997,261.415,337.65350000000007,0.012945590994371425,0.6716844986315008
2018-09-07,269.55,279.9,269.25,277.05,277.4,26189156,7059286999.8,261.54200000000003,336.92550000000006,0.027597703278384955,0.6902214481214237
2018-09-10,276.0,282.0,271.75,274.4,275.7,21322969,5885139444.0,261.789,336.18275,-0.006128334534967528,0.6859915401841259
2018-09-11,277.25,278.85,265.7,266.75,267.3,13444031,3727357594.75,261.74899999999997,335.37625,-0.030467899891186034,0.6650908186115955
2018-09-12,268.2,268.2,258.85,261.75,262.4,14456273,3877172418.6,261.663,334.55699999999996,-0.01833146277590736,0.6528987310276193
2018-09-14,265.0,269.6,263.4,266.1,266.6,10710620,2838314300.0,261.606,333.7625,0.016006097560975707,0.6633490918138846
2018-09-17,263.35,264.1,259.65,259.85,260.25,9461420,2491664957.0,261.47,332.95675000000006,-0.023818454613653506,0.6475491415775073
2018-09-18,257.75,259.8,250.6,251.25,251.5,11554420,2978151755.0,261.269,332.13449999999995,-0.03362151777137368,0.6257775566061213
2018-09-19,253.55,255.0,251.0,252.75,252.6,7845650,1989264557.5,260.904,331.32775000000004,0.004373757455268468,0.6285145558596671
2018-09-21,255.05,257.7,228.85,250.2,250.35,18547453,4730527887.650001,260.44100000000003,330.55875,-0.008907363420427528,0.6229161482955964
2018-09-24,250.2,251.0,239.35,241.2,240.2,8889259,2224092601.7999997,259.736,329.7652499999999,-0.04054323946474936,0.5976611097287887
2018-09-25,241.0,243.5,235.45,241.1,240.8,9030367,2176318447.0,259.196,328.95099999999996,0.0024979184013322886,0.5991540184125409
2018-09-26,242.3,243.2,229.55,233.35,233.35,17810869,4315573558.7,258.541,328.10650000000004,-0.030938538205980137,0.580617068922618
2018-09-27,234.8,236.55,223.1,226.85,225.25,17430781,4092747378.8,257.774,327.2475,-0.03471180629955006,0.5604628016919636
2018-09-28,227.9,230.7,219.5,224.0,223.7,14196824,3235456189.6,257.20599999999996,326.356,-0.006881243063263098,0.5566061209256038
2018-10-01,225.0,230.45,220.0,229.7,229.35,9743094,2192196150.0,256.634,325.447,0.025257040679481424,0.5706643443642702
2018-10-03,230.0,232.8,225.8,227.3,227.6,9094685,2091777550.0,256.149,324.53425,-0.007630259428820563,0.566310027369993
2018-10-04,224.0,230.8,221.75,223.05,223.25,13898979,3113371296.0,255.56400000000002,323.61625,-0.019112478031634406,0.5554864394127897
2018-10-05,222.75,226.45,214.75,215.7,216.25,10471026,2332421041.5,254.82100000000003,322.68775,-0.03135498320268759,0.538069171435681
2018-10-08,217.8,218.5,208.1,213.0,212.35,11854170,2581838226.0,253.89300000000003,321.7375,-0.018034682080924846,0.5283652649912919
2018-10-09,205.7,206.0,170.3,184.55,184.35,142760251,29365783630.699997,252.40399999999997,320.63375,-0.1318577819637391,0.45869619308285686
2018-10-10,186.0,190.95,185.05,189.25,188.75,35670907,6634788702.0,251.02199999999996,319.54850000000005,0.023867643070246913,0.46964419009703956
2018-10-11,180.65,187.75,178.0,182.5,182.95,19323517,3490793346.05,249.516,318.36275,-0.030728476821192063,0.4552127394874352
2018-10-12,185.95,188.4,182.6,183.9,183.75,18014894,3349869539.2999997,247.828,317.1685,0.004372779447936681,0.4572032843991048
2018-10-15,186.5,186.5,182.7,184.4,184.35,11658409,2174293278.5,246.165,315.98625,0.0032653061224490187,0.458696193082857
2018-10-16,185.2,187.25,184.55,185.75,185.85,9695745,1795651974.0,244.6,314.80550000000005,0.008136696501220397,0.46242846479223737
2018-10-17,187.6,187.8,179.1,180.0,179.95,12004524,2252048702.4,242.898,313.58425,-0.031746031746031744,0.4477481960686743
2018-10-19,178.95,179.75,174.0,174.7,174.7,10469358,1873491614.1,241.175,312.3455,-0.029174770769658243,0.4346852450858427
2018-10-22,176.4,176.85,170.05,170.95,170.75,11721075,2067597630.0,239.42100000000002,311.10625,-0.022610188895248906,0.42485692958447424
2018-10-23,170.0,175.7,169.55,171.3,170.65,15588511,2650046870.0,237.753,309.80025,-0.0005856515373352522,0.4246081114705156
2018-10-24,173.9,175.0,169.0,170.4,170.65,15421903,2681868931.7000003,236.134,308.53125,0.0,0.4246081114705156
2018-10-25,168.95,169.75,164.6,166.1,165.35,14877057,2513478780.1499996,234.338,307.1615,-0.031057720480515694,0.41142075143070467
2018-10-26,166.0,172.8,165.9,167.8,168.5,19584723,3251064018.0,232.551,305.8345,0.019050498941638905,0.4192585220204036
2018-10-29,169.95,176.5,167.7,175.0,175.35,14171750,2408488912.5,231.056,304.56149999999997,0.04065281899109796,0.4363025628265743
2018-10-30,177.0,181.5,176.05,177.45,177.25,15602414,2761627278.0,229.627,303.28974999999997,0.010835471913316352,0.4410301069917896
2018-10-31,178.3,180.0,173.45,178.65,179.1,12579712,2242962649.6,228.23300000000003,302.0175,0.01043723554301823,0.4456332421000255
2018-11-01,182.0,186.05,178.2,179.05,179.45,28947802,5268499964.0,226.796,300.72700000000003,0.0019542155220546586,0.44650410549888087
2018-11-02,180.95,191.85,180.9,189.9,190.3,29425248,5324498625.599999,225.437,299.512,0.060462524380050287,0.4735008708633995
2018-11-05,191.3,191.3,186.65,189.85,189.8,14818506,2834780197.8,223.831,298.28725,-0.0026274303730950965,0.472256780293606
2018-11-06,192.45,199.95,191.75,192.25,193.25,35339222,6801033273.9,222.32,297.068,0.018177028451001,0.48084100522518103
2018-11-07,194.95,195.75,193.35,194.7,194.85,3932893,766717490.3499999,221.079,295.8805,0.00827943078913318,0.48482209504852014
2018-11-09,192.9,200.75,192.0,194.3,195.25,22341961,4309764276.900001,219.87400000000002,294.74725,0.0020528611752630432,0.48581736750435495
2018-11-12,194.45,194.45,185.2,186.3,186.05,20789180,4042456051.0,218.41899999999998,293.56275,-0.047119078104993495,0.4629261010201549
2018-11-13,180.75,183.0,178.35,179.25,179.5,22189598,4010769838.5,216.80899999999997,292.3655,-0.035205589895189515,0.4466285145558603
2018-11-14,180.5,183.0,176.25,176.75,176.8,15795883,2851156881.5,215.11100000000002,291.15925000000004,-0.015041782729804942,0.4399104254789755
2018-11-15,178.0,182.7,177.5,179.8,180.2,18740276,3335769128.0,213.528,289.95075,0.019230769230769162,0.4483702413535712
2018-11-16,180.9,181.85,177.85,180.25,179.9,10022823,1813128680.7,211.77599999999998,288.76025000000004,-0.0016648168701441923,0.44762378701169514
2018-11-19,180.6,185.5,179.1,184.8,184.6,14522581,2622778128.6,210.136,287.66525,0.026125625347415138,0.4593182383677538
2018-11-20,184.05,188.3,183.2,183.75,183.75,13114982,2413812437.1000004,208.572,286.5825,-0.004604550379198269,0.4572032843991049
2018-11-21,184.4,186.75,183.75,184.05,184.15,8097107,1493106530.8,206.925,285.507,0.00217687074829942,0.4581985568549397
2018-11-22,185.5,186.15,181.75,182.5,182.55,9135857,1694701473.5,205.17700000000002,284.4405,-0.008688569101276133,0.45421746703160054
2018-11-26,183.9,184.45,177.0,182.0,181.75,9865426,1814251841.4,203.264,283.35175,-0.004382360996987189,0.45222692211993093
2018-11-27,181.7,184.55,178.55,180.05,180.05,11639680,2114929855.9999998,201.351,282.28375,-0.009353507565336927,0.4479970141826331
2018-11-28,181.0,181.35,174.0,175.1,174.45,12504717,2263353777.0,199.49400000000003,281.23724999999996,-0.031102471535684684,0.43406319980094604
2018-11-29,175.95,179.35,173.45,177.75,177.25,20892744,3676078306.7999997,197.79100000000003,280.1445,0.016050444253367768,0.44103010699178957
2018-11-30,172.0,174.9,170.35,172.15,171.95,18393012,3163598064.0,195.898,279.127,-0.02990126939351201,0.42784274695197866
2018-12-03,173.25,176.45,170.0,175.4,175.45,14068885,2437434326.25,194.202,278.11525,0.020354754289037436,0.43655138094053303
2018-12-04,177.95,178.75,175.3,175.65,175.75,11481923,2043208197.85,192.687,277.11975,0.0017098888572244508,0.4372978352824092
2018-12-05,173.0,173.0,168.6,170.05,169.2,14960527,2588171171.0,191.019,276.122,-0.037268847795163595,0.42100024881811454
2018-12-06,168.5,168.7,161.6,162.5,162.65,15428019,2599621201.5,189.265,275.07625,-0.03871158392434981,0.40470266235381996
2018-12-07,162.25,164.2,160.8,162.5,162.4,13545006,2197677223.5,187.709,274.00399999999996,-0.0015370427297879408,0.4040806170689232
2018-12-10,159.9,160.5,156.5,157.1,157.1,13520495,2161927150.5,186.035,272.9105,-0.032635467980295596,0.39089325702911226
2018-12-11,155.0,159.5,154.65,158.25,158.1,12094881,1874706555.0,184.53,271.84725000000003,0.006365372374283806,0.3933814381686992
2018-12-12,159.5,167.1,158.0,164.0,164.1,22461175,3582557412.5,183.30699999999996,270.824,0.03795066413662229,0.40831052500622095
2018-12-13,166.0,168.0,165.55,166.8,166.85,12235499,2031092834.0,182.17,269.81175,0.01675807434491161,0.41515302314008506
2018-12-14,166.0,168.4,164.85,167.0,166.95,10091732,1675227512.0,180.922,268.82425,0.0005993407252022909,0.4154018412540438
2018-12-17,167.25,175.95,167.25,174.5,173.95,28526103,4770990726.75,179.849,267.9015,0.04192872117400426,0.4328191092311526
2018-12-18,174.0,177.6,173.1,174.7,174.75,18015933,3134772342.0,178.879,266.97425,0.004599022707674649,0.4348096541428222
2018-12-19,176.5,176.5,172.5,173.5,173.9,11540042,2036817413.0,178.032,265.98350000000005,-0.004864091559370509,0.4326947001741733
2018-12-20,173.0,177.3,171.75,176.15,176.4,15819006,2736688038.0,177.313,265.00275,0.014376078205865506,0.4389151530231407
2018-12-21,177.0,180.5,175.15,175.5,176.25,23742481,4202419137.0,177.151,264.0345,-0.0008503401360544505,0.43854192585220264
2018-12-24,176.25,177.85,171.5,172.2,172.5,11374468,2004749985.0,176.82600000000002,263.04324999999994,-0.021276595744680882,0.4292112465787515
2018-12-26,171.45,172.2,167.6,171.4,170.9,12044191,2064976546.9499998,176.585,262.1375,-0.009275362318840519,0.42523015675541237
2018-12-27,172.75,173.4,167.7,168.05,168.25,15231581,2631255617.75,176.275,261.24625,-0.015506143943826878,0.41863647673550686
2018-12-28,169.4,172.2,169.15,171.4,170.85,8669584,1468627529.6000001,176.005,260.3615,0.015453194650817181,0.42510574769843296
2018-12-31,172.45,173.9,171.75,173.05,172.7,8511388,1467788860.6,175.74199999999996,259.49925,0.010828211881767524,0.4297088828066688
2019-01-01,173.5,174.2,171.3,174.0,173.45,6715543,1165146710.5,175.612,258.659,0.004342790966994858,0.43157501866135906
2019-01-02,170.6,171.75,168.0,168.4,168.55,13410104,2287763742.4,175.48899999999998,257.73875,-0.02825021620063406,0.419382931077383
2019-01-03,169.0,170.15,165.1,165.7,166.05,9321842,1575391298.0,175.395,256.80325,-0.014832393948383316,0.41316247822841556
2019-01-04,169.0,171.95,168.5,171.15,170.95,17650435,2982923515.0,175.40099999999998,255.88775,0.02950918398072866,0.42535456581239167
2019-01-07,173.2,178.2,173.2,175.25,175.35,21438351,3713122393.2,175.495,254.99900000000002,0.02573852003509791,0.4363025628265743
2019-01-08,176.1,180.5,176.1,179.95,179.95,20128985,3544714258.5,175.787,254.2,0.026233247790133918,0.44774819606867433
2019-01-09,181.5,183.6,180.2,183.55,183.05,17468948,3170614062.0,176.078,253.43675,0.017227007502083946,0.45546155760139395
2019-01-10,183.65,186.85,183.55,185.5,185.75,16961888,3115050731.2000003,176.28599999999997,252.6715,0.014750068287353146,0.46217964667827877
2019-01-11,186.55,187.75,179.4,179.8,180.3,25902974,4832199799.700001,176.347,251.90375,-0.02934051144010763,0.44861905946752983
2019-01-14,180.3,198.3,177.45,182.4,182.4,18935120,3414002136.0,176.41299999999998,251.12474999999998,0.011647254575707144,0.45384423986066247
2019-01-15,183.3,185.8,181.25,184.9,185.35,13536578,2481254747.4,176.53100000000003,250.39725,0.016173245614035103,0.461184374222444
2019-01-16,186.0,187.35,184.05,185.6,185.45,11874245,2208609570.0,176.43399999999997,249.66275000000002,0.0005395198273536739,0.46143319233640273
2019-01-17,186.0,187.3,183.4,184.95,184.9,9365756,1742030616.0,176.33599999999998,248.93150000000003,-0.0029657589646804317,0.4600646927096299
2019-01-18,185.65,185.65,181.3,183.9,183.3,6797621,1261978338.65,176.137,248.21375,-0.008653326122228244,0.45608360288629074
2019-01-21,184.3,184.95,180.65,181.4,181.5,6918258,1275034949.4,175.87,247.4255,-0.009819967266775809,0.4516048768350342
2019-01-22,181.5,181.5,175.95,180.75,180.85,9775717,1774292635.5,175.582,246.61425000000003,-0.003581267217630857,0.44998755909430266
2019-01-23,181.7,182.7,178.55,179.9,180.25,9778926,1776830854.1999998,175.466,245.7375,-0.0033176665745092704,0.4484946504105505
2019-01-24,180.0,180.3,173.7,175.55,175.4,13461254,2423025720.0,175.38400000000001,244.80349999999999,-0.026907073509015222,0.4364269718835537
2019-01-25,175.95,178.9,171.95,173.3,173.25,12136892,2135486147.3999999,175.313,243.84924999999998,-0.01225769669327259,0.43107738243344174
2019-01-28,173.3,175.35,169.4,172.2,172.3,8167430,1415415619.0,175.155,242.91925,-0.0054834054834054236,0.42871361035083416
2019-01-29,172.35,174.9,170.9,174.0,173.6,6141180,1058432373.0,175.02900000000002,242.021,0.007544979686592956,0.43194824583229713
2019-01-30,174.3,176.75,173.3,174.9,174.6,7757847,1352192732.1000001,174.829,241.115,0.005760368663594528,0.4344364269718841
2019-01-31,175.8,183.9,175.8,179.95,181.2,22277646,3916410166.8,174.778,240.229,0.03780068728522323,0.45085842249315805
2019-02-01,182.0,185.9,179.55,182.0,181.65,14931422,2717518804.0,174.72800000000004,239.352,0.002483443708609423,0.45197810400597227
2019-02-04,181.0,183.7,178.2,181.2,180.25,11854351,2145637531.0,174.68200000000002,238.5575,-0.007707129094412402,0.4484946504105505
2019-02-05,180.7,181.15,174.7,176.0,175.8,12064426,2180041778.2,174.563,237.75424999999998,-0.024687933425797448,0.43742224433938853
2019-02-06,176.0,179.45,171.9,179.1,178.5,10334594,1818888544.0,174.532,236.97275,0.015358361774743923,0.4441403334162733
2019-02-07,179.0,185.0,178.9,183.2,182.85,16152722,2891337238.0,174.7,236.21574999999996,0.024369747899159577,0.4549639213734766
2019-02-08,164.6,164.6,129.0,150.15,150.7,102256857,16831478662.199999,174.16899999999998,235.28924999999998,-0.17582718074924808,0.37496889773575565
2019-02-11,150.15,153.25,145.85,153.0,152.65,26161867,3928204330.05,173.78300000000002,234.38225000000003,0.012939615129396342,0.3798208509579503
2019-02-12,152.95,154.4,150.6,152.0,151.8,14174912,2168052790.3999996,173.31,233.4835,-0.005568293481821085,0.3777058969893014
2019-02-13,152.95,156.65,151.5,155.15,155.0,15340343,2346305461.85,172.895,232.6155,0.021080368906455815,0.3856680766359797
2019-02-14,155.95,161.0,153.8,159.45,159.85,16348306,2549518320.7,172.708,231.7635,0.031290322580645125,0.39773575516297643
2019-02-15,159.8,162.3,153.15,162.2,161.65,20705576,3308751044.8,172.688,230.88725,0.011260556771973906,0.40221448121423303
2019-02-18,162.8,163.45,159.2,163.1,162.9,13503666,2198396824.8,172.69799999999998,229.99974999999998,0.007732755954222181,0.40532470763871675
2019-02-19,164.0,165.95,161.55,164.9,163.75,14533142,2383435288.0,172.831,229.13825,0.005217925107427801,0.40743966160736567
2019-02-20,164.45,166.7,163.75,164.7,164.8,11610728,1909384219.6,172.965,228.29475000000002,0.006412213740458084,0.410052251803932
2019-02-21,165.6,170.6,165.1,170.0,169.7,14811723,2452821328.7999997,173.077,227.47125,0.029733009708737823,0.4222443393879081
2019-02-22,170.0,175.3,167.85,174.9,174.3,13011477,2211951090.0,173.22600000000003,226.667,0.02710665880966423,0.4336899726300082
2019-02-25,175.15,177.5,173.5,176.3,175.75,15554532,2724376279.8,173.40200000000002,225.885,0.00831899024670113,0.4372978352824093
2019-02-26,173.0,183.45,172.5,183.0,182.65,31859427,5511680871.0,173.57600000000002,225.08849999999998,0.03926031294452348,0.45446628514555937
2019-02-27,183.55,186.1,176.1,176.75,177.35,19723906,3620322946.3,173.62800000000004,224.30725,-0.029017246099096727,0.4412789251057484
2019-02-28,180.0,181.55,176.6,177.1,177.45,18692372,3364626960.0,173.69899999999998,223.54049999999998,0.0005638567803778471,0.4415277432197071
2019-03-01,178.65,184.0,177.35,180.05,180.3,20539919,3669456529.35,173.77700000000002,222.824,0.016060862214708482,0.44861905946753
2019-03-05,183.8,198.35,181.4,193.4,194.05,58138551,10685865673.800001,174.13299999999998,222.24375,0.07626178591236821,0.48283155013685075
2019-03-06,195.4,195.4,187.75,189.4,188.8,22468702,4390384370.8,174.45899999999997,221.6365,-0.027054882762174715,0.4697685991540192
2019-03-07,191.4,193.45,187.8,190.3,189.3,27051501,5177657291.400001,174.827,221.0085,0.0026483050847456724,0.47101268972381266
2019-03-08,187.8,187.95,180.0,180.7,181.2,28012914,5260825249.200001,175.08599999999998,220.3915,-0.042789223454833714,0.45085842249315816
2019-03-11,182.0,184.6,181.05,181.85,181.85,25669662,4671878484.0,175.30599999999998,219.82125,0.003587196467991216,0.4524757402338897
2019-03-12,184.4,186.0,183.55,184.45,184.8,18657724,3440484305.6,175.54800000000003,219.20675000000003,0.016222161121803857,0.4598158745956713
2019-03-13,184.45,184.9,180.4,181.35,181.7,9769821,1802043483.4499998,175.713,218.56799999999998,-0.016774891774891887,0.4521025130629517
2019-03-14,181.5,182.45,177.65,179.4,179.55,15737080,2856280020.0,175.93300000000002,218.0225,-0.011832691249311966,0.44675292361283975
2019-03-15,180.2,181.4,177.6,180.0,180.0,17490993,3151876938.6,176.21200000000002,217.45175000000003,0.0025062656641603454,0.44787260512565386
2019-03-18,181.0,184.7,179.5,182.2,182.25,14690339,2658951359.0,176.43800000000002,216.88150000000002,0.012499999999999956,0.4534710126897245
2019-03-19,182.0,184.5,180.75,182.85,182.85,10318028,1877881096.0,176.588,216.3225,0.003292181069958877,0.4549639213734767
2019-03-20,183.0,183.45,179.6,180.2,180.2,7543753,1380506799.0,176.593,215.77899999999997,-0.01449275362318847,0.4483702413535712
2019-03-22,181.95,182.0,174.9,175.3,175.4,11505994,2093515608.3,176.44,215.24349999999998,-0.02663706992230841,0.4364269718835538
2019-03-25,173.7,173.8,170.55,171.0,171.3,11864723,2060902385.1,176.151,214.66400000000002,-0.023375142531356863,0.42622542921124723
2019-03-26,171.9,173.6,171.6,173.3,173.1,7820112,1344277252.8,176.00699999999998,214.09625,0.010507880910682887,0.4307041552625037
2019-03-27,174.0,175.0,169.15,169.75,169.85,10047628,1748287272.0,175.75599999999997,213.52075000000002,-0.018775274407856757,0.4226175665588461
2019-03-28,169.0,171.4,167.55,170.9,170.55,13203927,2231463663.0,175.46,212.89525,0.004121283485428506,0.42435929335655703
2019-03-29,171.15,177.05,171.0,173.9,174.25,17780440,3043122306.0,175.23600000000002,212.23950000000002,0.02169451773673403,0.4335655635730288
2019-04-01,176.35,189.75,176.35,187.3,187.35,46389181,8180732069.349999,175.285,211.62650000000002,0.07517934002869442,0.46616073650161804
2019-04-02,188.05,204.4,185.3,203.5,202.95,100834335,18961896696.75,175.678,211.0925,0.08326661329063256,0.5049763622791748
2019-04-03,205.0,208.95,199.2,201.8,201.35,81779620,16764822100.0,176.075,210.56024999999997,-0.007883715200788344,0.5009952724558356
2019-04-04,201.85,206.9,201.05,206.3,206.15,41268908,8330129079.8,176.581,210.04899999999998,0.0238390861683635,0.5129385419258531
2019-04-05,208.0,209.5,202.3,205.85,205.15,32057373,6667933584.0,177.07899999999998,209.54525,-0.004850836769342726,0.5104503607862662
2019-04-08,206.0,207.4,198.8,201.9,200.55,23877595,4918784570.0,177.582,209.03325,-0.022422617596880356,0.4990047275441661
2019-04-09,200.0,207.6,198.15,207.0,205.9,29611268,5922253600.0,178.235,208.51875,0.0266766392420843,0.5123164966409564
2019-04-10,206.0,217.4,205.6,215.8,216.05,69349488,14285994528.0,179.11,208.07375,0.04929577464788726,0.537571535207764
2019-04-11,216.6,219.2,213.3,218.25,218.2,41859862,9066846109.199999,180.002,207.63675,0.009951400138856537,0.5429211246578759
2019-04-12,218.95,219.0,215.0,215.6,215.95,21788548,4770602584.599999,180.82899999999998,207.18150000000003,-0.010311640696608615,0.5373227170938052
2019-04-15,217.15,233.25,217.15,232.0,231.75,57283251,12439057954.65,181.84,206.80025,0.07316508451030335,0.5766359790992792
2019-04-16,233.8,234.1,225.65,230.45,230.5,41653657,9738625006.6,182.81699999999998,206.50575,-0.005393743257820938,0.5735257526747956
2019-04-18,231.9,239.3,230.6,235.8,236.25,42451178,9844428178.2,183.93699999999998,206.30275,0.024945770065075923,0.5878327942274206
2019-04-22,235.0,239.35,231.7,235.3,234.85,30282217,7116320995.0,185.118,206.12175,-0.005925925925926001,0.5843493406319988
2019-04-23,235.0,235.85,230.25,232.8,231.65,18975358,4459209130.0,186.18099999999998,205.96325000000002,-0.013625718543751275,0.5763871609853206
2019-04-24,231.65,232.95,217.6,224.25,223.6,50317411,11656028258.15,186.99599999999998,205.73475,-0.034750701489315805,0.5563573028116455
2019-04-25,223.4,225.9,220.25,221.2,221.85,27132908,6061491647.2,188.419,205.51049999999998,-0.007826475849731618,0.5520029858173684
2019-04-26,221.9,221.9,214.0,215.45,215.6,26038093,5777852836.7,189.678,205.24125,-0.0281721884155961,0.5364518536949499
2019-04-30,216.2,218.65,210.3,214.6,214.3,21289116,4602706879.2,190.928,204.9775,-0.006029684601113083,0.5332172182134869
2019-05-02,211.0,212.65,206.5,206.9,207.3,21986007,4639047477.0,191.97400000000002,204.70625,-0.03266448903406438,0.5157999502363781
2019-05-03,205.0,213.65,203.05,209.55,209.45,37153857,7616540685.0,192.96599999999998,204.39925,0.010371442354076166,0.5211495396864901
2019-05-06,204.0,204.5,198.0,200.1,199.8,30117667,6144004068.0,193.729,204.03075,-0.04607304846025295,0.49713859168947594
2019-05-07,201.7,202.85,189.35,190.0,190.95,30516908,6155260343.599999,194.29,203.60825,-0.044294294294294434,0.47511818860413124
2019-05-08,190.0,190.9,183.8,185.0,185.1,28443735,5404309650.0,194.717,203.19475,-0.030636292223095052,0.4605623289375475
2019-05-09,184.3,189.8,182.3,186.2,186.35,32841616,6052709828.8,195.148,202.796,0.006753106428957212,0.46367255536203117
2019-05-10,187.0,190.6,184.3,184.95,185.9,28910719,5406304453.0,195.472,202.4075,-0.0024148108398175383,0.46255287384921706
2019-05-13,186.2,187.15,179.6,180.2,180.75,15373536,2862552403.2,195.601,202.05075,-0.027703066164604606,0.4497387409803442
2019-05-14,178.25,186.05,177.8,185.2,184.5,21412933,3816855307.25,195.77599999999998,201.68349999999998,0.020746887966804906,0.4590694202537953
2019-05-15,185.55,185.95,167.4,170.7,169.45,31427815,5831431073.25,195.512,201.2715,-0.08157181571815719,0.4216222941030115
2019-05-16,176.0,177.55,172.8,175.25,175.4,30308248,5334251648.0,195.47299999999998,200.886,0.03511360283269416,0.436426971883554
2019-05-17,174.95,177.7,170.2,176.85,176.85,21575989,3774719275.5499997,195.461,200.50325,0.008266818700114031,0.4400348345359551
2019-05-20,181.45,192.0,179.25,189.5,190.15,29873588,5420562542.599999,195.658,200.16025,0.07520497596833486,0.4731276436924618
2019-05-21,185.25,186.9,174.05,177.6,176.8,57822527,10711623126.75,195.313,199.75025000000002,-0.0702077307388903,0.4399104254789758
2019-05-22,177.6,180.4,174.8,179.5,179.1,25845734,4590202358.4,195.11900000000003,199.35649999999998,0.01300904977375561,0.4456332421000258
2019-05-23,182.85,182.85,173.5,175.35,175.15,22912106,4189478582.1,194.83599999999998,198.94099999999997,-0.02205471803461745,0.4358049265986573
2019-05-24,177.0,183.5,175.35,181.7,182.3,22494409,3981510393.0,194.85800000000003,198.51175000000003,0.040822152440765036,0.45359542174670414
2019-05-27,181.75,183.5,179.3,181.0,181.35,14774311,2685231024.25,194.84799999999998,198.08100000000002,-0.00521119034558426,0.4512316496640965
2019-05-28,181.35,185.3,179.8,179.85,180.25,23272915,4220543135.25,194.75699999999998,197.66174999999998,-0.0060656189688447215,0.44849465041055087
2019-05-29,179.85,180.0,175.35,176.45,176.35,15222008,2737678138.7999997,194.65,197.21825,-0.021636615811373106,0.4387907439661617
2019-05-30,177.5,178.5,173.1,175.4,175.15,18078726,3208973865.0,194.56199999999998,196.78975000000003,-0.00680464984406004,0.4358049265986574
2019-05-31,177.8,177.85,170.0,172.55,172.6,21488115,3820586847.0000005,194.414,196.3605,-0.0145589494718813,0.4294600646927106
2019-06-03,170.5,175.0,168.4,175.0,174.5,21288078,3629617299.0,194.259,195.96275000000003,0.011008111239861007,0.43418760885792584
2019-06-04,174.25,177.2,172.4,173.1,173.25,17428731,3036956376.75,194.067,195.571,-0.007163323782234943,0.4310773824334421
2019-06-06,174.05,175.85,168.85,169.9,169.7,16874819,2937062246.9500003,193.857,195.14375,-0.02049062049062056,0.42224433938790834
2019-06-07,169.9,171.7,167.25,169.3,169.5,14465703,2457722939.7000003,193.739,194.70199999999997,-0.0011785503830288313,0.42174670315999097
2019-06-10,170.9,172.05,163.55,166.85,166.2,20209862,3453865415.8,193.63699999999997,194.2825,-0.019469026548672663,0.4135357053993539
2019-06-11,166.85,171.9,165.65,170.9,170.75,20363493,3397648807.0499997,193.59,193.89275,0.02737665463297234,0.42485692958447463
2019-06-12,170.9,172.2,168.1,169.3,169.05,12819208,2190802647.2000003,193.574,193.49399999999997,-0.009956076134699732,0.42062702164717686
2019-06-13,166.9,168.9,164.5,167.65,167.4,15144315,2527586173.5,193.511,193.0745,-0.00976042590949422,0.4165215227668584
2019-06-14,167.5,167.5,163.5,163.75,164.2,10920508,1829185090.0,193.31,192.60425000000004,-0.019115890083632125,0.40855934312018005
2019-06-17,163.75,164.15,158.0,158.5,158.75,14381813,2355021878.75,192.73800000000003,192.0475,-0.03319123020706449,0.3949987559094311
2019-06-18,159.0,161.0,156.75,158.7,158.3,14003043,2226483837.0,191.845,191.495,-0.002834645669291258,0.393879074396617
2019-06-19,160.0,163.75,152.5,155.0,154.65,25257018,4041122880.0,190.91099999999997,190.98375,-0.02305748578648137,0.38479721323712457
2019-06-20,153.45,160.0,152.15,158.95,159.25,19247947,2953597467.1499996,189.97299999999998,190.5025,0.029744584545748465,0.39624284647922464
2019-06-21,155.0,160.75,154.5,158.75,158.9,23304207,3612152085.0,189.048,190.003,-0.00219780219780219,0.3953719830803692
2019-06-24,158.7,160.2,156.2,158.9,159.3,13185118,2092478226.6,188.22299999999998,189.49949999999998,0.0025173064820642743,0.396367255536204
2019-06-25,158.0,161.0,156.85,160.35,160.45,13368928,2112290624.0,187.31399999999996,188.99325000000002,0.007219083490269895,0.399228663846729
2019-06-26,160.1,162.2,158.75,160.9,161.1,18481332,2958861253.2,186.215,188.502,0.004051106263633475,0.4008459815874605
2019-06-27,161.85,168.0,161.1,165.1,165.85,26612983,4307311298.55,185.168,187.99375,0.029484792054624398,0.4126648420004986
2019-06-28,165.2,166.75,161.35,162.45,162.55,15092229,2493236230.7999997,184.1,187.47350000000003,-0.019897497738920578,0.40445384423986164
2019-07-01,163.7,169.4,163.2,167.6,168.0,23990900,3927310329.9999995,182.825,187.00375,0.03352814518609648,0.41801443145061057
2019-07-02,166.8,167.35,161.35,163.5,163.75,16903683,2819534324.4,181.49,186.49,-0.02529761904761907,0.40743966160736594
2019-07-03,163.75,165.0,161.7,162.55,162.3,13606179,2228011811.25,180.01100000000002,185.95175,-0.008854961832061026,0.40383179895496485
2019-07-04,162.5,167.75,162.0,165.15,165.2,19512938,3170852425.0,178.618,185.39075,0.017868145409734915,0.411047524259767
2019-07-05,165.15,166.95,159.5,159.85,160.2,14374084,2373879972.6,177.18900000000002,184.81325,-0.030266343825665842,0.39860661856183216
2019-07-08,159.35,159.5,153.5,155.1,154.55,15149035,2413998727.25,175.808,184.2495,-0.03526841448189744,0.38454839512316585
2019-07-09,154.0,157.15,152.75,155.8,155.8,16112345,2481301130.0,174.487,183.71649999999997,0.008087997411840853,0.3876586215476496
2019-07-10,156.25,156.25,149.1,151.9,151.65,31737846,4959038437.5,173.208,183.14175,-0.026636713735558426,0.37733266981836366
2019-07-11,153.0,157.7,150.35,156.5,156.8,24099895,3687283935.0,172.058,182.6245,0.03395977579953846,0.39014680268723656
2019-07-12,155.9,162.85,154.0,159.0,159.3,27307153,4257185152.7000003,171.09799999999998,182.1635,0.015943877551020336,0.39636725553620394
2019-07-15,159.0,162.6,157.85,160.35,160.95,19924720,3168030480.0,170.128,181.70525,0.01035781544256098,0.40047275441652236
2019-07-16,159.8,170.95,159.05,170.35,170.0,39025331,6236247893.8,169.53199999999998,181.3035,0.056228642435539156,0.4229907937297845
2019-07-17,170.0,172.35,166.3,168.05,167.9,25236730,4290244100.0,169.07100000000003,180.942,-0.012352941176470567,0.41776561333665185
2019-07-18,167.25,167.25,160.0,161.0,160.75,19055022,3186952429.5,168.584,180.54175000000004,-0.042584871947587866,0.39997511818860504
2019-07-19,161.45,162.4,153.85,155.2,154.85,18954216,3060158173.2,167.95399999999998,180.14925,-0.0367029548989114,0.3852948494650419
2019-07-22,155.45,159.3,155.25,156.65,156.75,15995349,2486477002.0499997,167.37099999999998,179.80675,0.012269938650306678,0.3900223936302571
2019-07-23,157.4,159.0,154.8,156.15,156.2,12942555,2037158157.0,166.88,179.46925,-0.0035087719298246833,0.3886538940034842
2019-07-24,156.35,157.55,150.5,151.3,151.25,16292964,2547404921.4,166.215,179.07875,-0.03169014084507038,0.37633739736252875
2019-07-25,151.3,152.5,143.75,144.0,144.3,34364032,5199278041.6,165.71200000000002,178.66225000000003,-0.04595041322314042,0.35904453844239936
2019-07-26,138.1,150.15,138.1,148.2,147.15,83905651,11587370403.1,165.14700000000002,178.28175000000002,0.01975051975051967,0.3661358546902222
2019-07-29,146.9,146.9,136.85,137.8,137.55,38844222,5706216211.8,164.361,177.88825,-0.06523955147808358,0.3422493157501873
2019-07-30,138.0,139.7,132.6,133.7,133.45,35725524,4930122312.0,163.22699999999998,177.49375,-0.029807342784442192,0.3320477730778807
2019-07-31,133.5,136.4,132.5,135.75,135.6,27024859,3607818676.5,162.40300000000002,177.25,0.016110902959910023,0.33739736252799263
2019-08-01,135.5,136.3,127.55,129.7,129.55,38991424,5283337952.0,161.412,176.95399999999998,-0.04461651917404119,0.3223438666334915
2019-08-02,128.5,133.2,127.0,130.15,130.7,44016138,5656073733.0,160.52300000000002,176.69275000000002,0.008876881512929202,0.32520527494401646
2019-08-05,128.0,128.2,122.3,124.0,123.75,35452262,4537889536.0,159.352,176.39275,-0.053175210405508766,0.3079124160238871
2019-08-06,123.05,126.55,121.75,122.25,122.5,34790369,4280954905.45,158.175,176.08350000000002,-0.010101010101010055,0.30480218959940336
2019-08-07,122.6,123.85,116.5,117.2,117.4,37287779,4571481705.4,156.918,175.74125,-0.041632653061224434,0.2921124657875099
2019-08-08,118.0,125.0,116.9,124.0,124.05,35876237,4233395966.0,155.872,175.46175,0.05664395229982966,0.3086588703657632
2019-08-09,124.5,126.5,120.7,122.55,122.05,39245417,4886054416.5,154.81,175.19850000000002,-0.01612253123740426,0.3036825080865893
2019-08-13,123.8,126.3,121.0,121.65,121.95,35498118,4394667008.4,153.797,174.9545,-0.0008193363375664786,0.30343368997263065
2019-08-14,122.7,123.8,118.6,120.75,120.9,30136178,3697709040.6,152.725,174.70575,-0.008610086100861003,0.30082109977606436
2019-08-16,119.9,122.45,117.35,120.65,121.35,35264621,4228228057.9,151.687,174.45925,0.003722084367245637,0.30194078128887847
2019-08-19,121.2,122.6,120.0,121.25,120.8,23194786,2811208063.2000003,150.709,174.2365,-0.00453234445817885,0.30057228166210564
2019-08-20,120.0,124.8,119.0,123.8,123.85,34809225,4177107000.0,149.796,174.01325,0.025248344370860876,0.30816123413784585
2019-08-21,123.0,123.0,109.5,112.0,112.4,83509593,10271679939.0,148.72,173.69850000000002,-0.09245054501412986,0.2796715600895751
2019-08-22,112.0,114.0,106.2,108.05,107.7,58612708,6564623296.0,147.459,173.35075,-0.04181494661921714,0.2679771087335163
2019-08-23,108.9,111.6,107.65,111.5,111.05,41178606,4484350193.400001,146.299,173.01049999999998,0.031104921077065972,0.2763125155511327
2019-08-26,114.55,115.4,106.8,110.5,110.55,47757623,5470635714.65,145.162,172.666,-0.004502476361999075,0.2750684249813392
2019-08-27,112.7,121.4,111.8,120.45,120.35,70636441,7960726900.7,144.285,172.31625,0.08864767073722302,0.2994526001492915
2019-08-28,120.55,124.0,114.8,116.7,116.35,74245952,8950349513.6,143.437,171.949,-0.03323639385126709,0.28949987559094364
2019-08-29,116.5,118.5,112.1,114.45,114.3,48098849,5603515908.5,142.55700000000002,171.55425,-0.017619252256123707,0.28439910425479037
2019-08-30,115.6,117.3,112.0,116.5,116.7,42250518,4884159880.8,141.798,171.16350000000003,0.0209973753280841,0.29037073898979915
2019-09-03,113.05,115.35,111.2,112.0,112.65,36905736,4172193454.7999997,140.866,170.75050000000002,-0.03470437017994854,0.28029360537447195
2019-09-04,112.0,113.0,106.0,109.75,109.5,76317447,8547554064.0,139.878,170.36775,-0.0279627163781625,0.272455834784773
2019-09-05,109.75,119.35,109.5,118.35,118.05,75789807,8317931318.25,139.053,170.0605,0.07808219178082187,0.29372978352824153
2019-09-06,118.35,122.3,116.55,121.25,121.25,67761586,8019583703.099999,138.269,169.78274999999996,0.02710715798390506,0.3016919631749198
2019-09-09,119.0,122.6,117.35,121.8,121.9,51297512,6104403928.0,137.485,169.49125,0.005360824742268067,0.30330928091565135
2019-09-11,127.0,135.0,125.3,134.9,134.35,96568372,12264183244.0,136.855,169.2635,0.10213289581624263,0.334287136103509
2019-09-12,134.6,135.35,126.7,129.25,127.95,72084195,9702532647.0,136.16299999999998,168.98025,-0.04763676963155927,0.31836277681015246
2019-09-13,129.2,130.95,125.5,129.6,129.55,69088728,8926263657.599998,135.394,168.70925,0.012504884720593967,0.3223438666334916
2019-09-16,128.0,130.3,126.5,128.8,128.6,40951047,5241734016.0,134.691,168.43149999999997,-0.0073330760324200606,0.31998009455088394
2019-09-17,129.0,130.5,121.35,122.2,122.0,47652658,6147192882.0,133.885,168.12875,-0.051321928460342114,0.30355809902960995
2019-09-18,123.05,125.9,120.5,122.6,121.75,53048836,6527659269.8,133.016,167.82875,-0.002049180327868827,0.3029360537447132
2019-09-19,123.5,125.35,121.2,124.2,124.2,51011848,6299963228.0,132.296,167.5495,0.020123203285421054,0.3090320975367013
2019-09-20,125.0,137.75,122.6,133.15,133.25,89223235,11152904375.0,131.87,167.34350000000003,0.07286634460547492,0.3315501368499633
2019-09-23,135.0,138.4,126.5,127.7,127.9,51032391,6889372785.0,131.31199999999998,167.09675000000004,-0.04015009380863033,0.31823836775317305
2019-09-24,128.05,132.2,128.0,131.4,130.9,41659100,5334447755.0,130.89700000000002,166.89149999999998,0.023455824863174435,0.32570291117193395
2019-09-25,129.9,129.9,121.5,123.15,123.05,47567575,6179027992.5,130.22199999999998,166.6295,-0.05996944232238355,0.30617068922617624
2019-09-26,123.9,127.25,122.8,124.4,124.5,45866398,5682846712.2,129.52599999999998,166.37325,0.011783827712312123,0.30977855187857734
2019-09-27,122.0,122.45,118.2,120.1,119.9,45875793,5596846746.0,128.705,166.12675,-0.03694779116465863,0.2983329186364773
2019-09-30,120.65,120.85,116.4,117.45,117.45,32158885,3879969475.25,127.654,165.90075000000002,-0.0204336947456214,0.29223687484448924
2019-10-01,118.0,119.85,113.0,115.0,115.3,40232789,4747469102.0,126.602,165.66525000000001,-0.018305661983822996,0.28688728539437724
2019-10-03,112.65,123.5,112.65,122.65,122.4,65103359,7333893391.35,125.835,165.49175000000002,0.0615784908933219,0.30455337148544476
2019-10-04,122.8,123.8,118.8,119.05,119.65,35712218,4385460370.4,125.131,165.29949999999997,-0.02246732026143794,0.2977108733515806
2019-10-07,120.25,120.55,116.35,117.4,117.5,35471184,4265409876.0,124.346,165.0665,-0.017969076473046464,0.2923612839014686
2019-10-09,118.5,121.7,115.45,120.95,120.9,44666296,5292956076.0,123.64,164.83675,0.028936170212765955,0.3008210997760643
2019-10-10,119.3,119.7,116.2,116.8,116.8,31229192,3725642605.6,122.95100000000001,164.586,-0.03391232423490498,0.2906195571037577
2019-10-11,118.05,122.2,117.25,121.15,121.3,41027561,4843303576.05,122.491,164.32274999999998,0.03852739726027399,0.30181637223189905
2019-10-14,122.6,130.0,122.5,127.4,127.85,68048611,8342759708.599999,122.105,164.08825000000002,0.05399835119538343,0.3181139586961937
2019-10-15,127.1,128.9,123.7,126.55,126.95,57548920,7314467732.0,121.89299999999999,163.85350000000003,-0.0070394994133750055,0.3158745956705654
2019-10-16,127.3,128.3,124.5,125.9,125.85,31522518,4012816541.4,121.741,163.60075,-0.008664828672705904,0.3131375964170197
2019-10-17,127.1,144.35,125.1,142.55,139.5,67933615,8634362466.5,121.819,163.417,0.10846245530393328,0.3471012689723818
2019-10-18,139.0,141.8,135.6,136.6,136.85,64884113,9018891707.0,121.965,163.23875,-0.0189964157706094,0.3405075889524763
2019-10-22,133.35,135.6,129.8,131.35,131.75,53532482,7138556474.7,121.986,163.043,-0.037267080745341574,0.32781786514058275
2019-10-23,130.45,133.8,127.25,132.3,132.65,50293574,6560796728.299999,122.164,162.865,0.006831119544592035,0.330057228166211
2019-10-24,133.0,135.15,130.5,133.85,133.5,41951668,5579571844.0,122.384,162.67825000000002,0.006407840180927105,0.3321721821348599
2019-10-25,132.0,133.0,125.7,126.25,126.85,42868958,5658702456.0,122.57300000000001,162.44899999999998,-0.04981273408239706,0.31562577755660653
2019-10-27,139.5,150.7,139.5,149.5,147.7,39490461,5508919309.5,123.046,162.32025000000002,0.16436736302719734,0.36750435431699474
2019-10-29,151.9,175.5,151.2,172.15,172.45,184435614,28015769766.600002,124.054,162.33974999999998,0.16756939742721744,0.4290868375217722
2019-10-30,175.0,175.65,166.55,172.5,171.9,90759545,15882920375.0,125.053,162.369,-0.0031893302406493795,0.4277183378949994
2019-10-31,169.8,179.65,168.95,177.8,177.7,81392641,13820470441.800001,126.18900000000002,162.40275,0.033740546829551965,0.4421497885046038
2019-11-01,175.2,178.0,172.4,175.0,175.05,40613555,7115494836.0,127.26299999999999,162.40125,-0.014912774338773138,0.4355561084846984
2019-11-04,171.6,178.45,170.85,172.25,172.2,40641411,6974066127.599999,128.291,162.3625,-0.016281062553556214,0.4284647922368755
2019-11-05,173.25,175.75,169.95,171.75,172.0,36268596,6283534257.0,129.25400000000002,162.30725,-0.0011614401858303092,0.4279671560089582
2019-11-06,172.0,176.35,170.5,174.2,174.5,28923778,4974889816.0,130.496,162.251,0.014534883720930258,0.4341876088579256
2019-11-07,174.7,174.7,167.6,171.35,171.5,38625387,6747855108.9,131.77200000000002,162.207,-0.017191977077363862,0.4267230654391647
2019-11-08,170.75,178.9,167.8,169.5,169.05,39102947,6676828200.25,132.932,162.14025,-0.014285714285714235,0.4206270216471767
2019-11-11,169.2,172.95,169.05,171.95,172.0,22192924,3755042740.7999997,134.16099999999997,162.0735,0.017450458444247197,0.42796715600895824
2019-11-13,171.5,176.0,169.4,170.2,170.6,33926248,5818351532.0,135.166,161.99925,-0.008139534883720989,0.42448370241353645
2019-11-14,170.2,170.3,165.5,167.0,167.05,25433481,4328778466.2,136.18,161.91,-0.020808909730363312,0.4156506593680028
2019-11-15,169.0,173.4,167.35,168.9,168.55,29614682,5004881258.0,137.265,161.83625,0.008979347500748247,0.4193829310773832
2019-11-18,172.1,172.1,169.25,170.2,170.1,19053232,3279061227.2,138.333,161.77925,0.00919608424799745,0.4232396118437429
2019-11-19,170.8,171.75,167.1,167.9,167.75,19599195,3347542506.0,139.435,161.71375,-0.013815402704291602,0.41739238616571356
2019-11-20,167.75,170.2,166.2,167.3,167.4,19504078,3271809084.5,140.59300000000002,161.64950000000002,-0.002086438152011927,0.4165215227668581
2019-11-21,166.95,170.1,163.0,164.3,164.15,21609120,3607642583.9999995,141.515,161.59325,-0.019414575866188777,0.40843493406320047
2019-11-22,164.9,165.25,160.55,162.25,162.35,21200979,3496041437.1,142.33700000000002,161.53875,-0.010965580261955599,0.40395620801194393
2019-11-25,160.7,166.6,159.9,166.0,166.1,26131453,4199324497.1,143.221,161.50775,0.023098244533415357,0.41328688728539503
2019-11-26,166.65,167.3,162.55,163.7,163.4,25520822,4253044986.3,143.80200000000002,161.45675,-0.01625526791089693,0.4065687982085103
2019-11-27,165.3,169.3,165.0,165.9,165.9,29527702,4880929140.6,144.561,161.41325,0.015299877600979173,0.41278925105747766
2019-11-28,165.75,166.3,163.55,165.9,164.8,16609775,2753070206.25,145.266,161.33125,-0.006630500301386344,0.410052251803932
2019-11-29,164.8,167.75,160.6,160.95,161.5,20010205,3297681784.0,145.924,161.2305,-0.02002427184466027,0.401841254043295
2019-12-02,160.95,163.0,158.95,160.8,161.05,19441998,3129189578.1,146.705,161.1345,-0.0027863777089782715,0.4007215725304809
2019-12-03,162.95,162.95,157.4,158.5,158.2,21156471,3447446949.45,147.434,161.0465,-0.017696367587705875,0.39363025628265796
2019-12-04,158.5,170.35,157.7,169.3,169.4,72084687,11425422889.5,148.338,161.001,0.07079646017699126,0.42149788504603203
2019-12-05,170.35,172.2,165.2,166.3,166.1,31787128,5414937254.8,148.995,160.91725,-0.019480519480519543,0.41328688728539503
2019-12-06,167.0,168.0,160.05,161.05,161.5,27727162,4630436054.0,149.667,160.97125,-0.02769416014449122,0.401841254043295
2019-12-09,162.0,166.45,159.75,161.2,160.5,30920409,5009106258.0,150.259,161.0105,-0.006191950464396245,0.3993530729037081
2019-12-10,162.15,163.25,159.05,160.1,159.7,26259395,4257960899.25,150.99200000000002,161.05,-0.004984423676012484,0.39736252799203853
2019-12-11,160.4,163.0,157.4,162.4,161.8,21154277,3393146030.8,151.738,161.084,0.01314965560425807,0.4025877083851712
2019-12-12,163.45,174.9,162.5,172.9,173.35,66138915,10810405656.75,152.807,161.1515,0.07138442521631627,0.4313262005474006
2019-12-13,177.25,183.95,175.5,176.8,176.7,93019636,16487730481.0,153.99200000000002,161.22675,0.019325064897605992,0.43966160736501697
2019-12-16,177.0,178.8,173.35,175.5,174.95,26249975,4646245575.0,155.185,161.287,-0.009903791737408074,0.4353072903707398
2019-12-17,176.0,181.15,175.35,180.1,180.2,38213263,6725534288.0,156.341,161.36925,0.030008573878250955,0.4483702413535714
2019-12-18,182.1,184.5,170.45,175.0,174.8,63861334,11629148921.4,157.444,161.41925,-0.029966703662597016,0.4349340631998018
2019-12-19,174.65,180.2,174.0,179.1,179.15,53466924,9337998276.6,158.677,161.4665,0.024885583524027366,0.4457576511570051
2019-12-20,180.4,181.7,174.85,176.55,175.95,48818008,8806768643.2,159.778,161.47475,-0.017862126709461412,0.4377954715103268
2019-12-23,176.85,179.0,174.15,176.0,176.05,27192195,4808939685.75,160.963,161.47625,0.0005683432793408549,0.43804428962428554
2019-12-24,177.65,178.0,174.65,175.4,175.5,20560311,3652539249.15,162.047,161.4405,-0.0031241124680488896,0.4366757899975127
2019-12-26,175.9,176.45,174.1,174.6,174.6,18785333,3304340074.7000003,162.982,161.42675,-0.00512820512820511,0.43443642697188445
2019-12-27,176.0,176.95,174.85,176.3,176.15,12095797,2128860272.0,163.966,161.42025,0.008877434135166062,0.43829310773824426
2019-12-30,177.2,184.35,176.3,183.75,183.7,40948394,7256055416.799999,165.123,161.43725,0.042861197842747556,0.4570788753421258
2019-12-31,184.0,187.9,181.55,184.65,185.15,52869996,9728079264.0,166.03599999999997,161.39275,0.007893304300490067,0.460686737994527
2020-01-01,185.15,186.7,183.6,184.25,184.45,25968357,4808041298.55,166.988,161.37099999999998,-0.003780718336484079,0.458945011196816
2020-01-02,185.0,194.7,184.6,193.85,193.75,57289863,10598624655.0,168.22799999999998,161.39325,0.050420168067226934,0.4820850957949748
2020-01-03,192.9,195.65,189.25,191.25,191.1,47572728,9176779231.2,169.39700000000002,161.44275,-0.013677419354838793,0.4754914157750693
2020-01-06,191.0,191.0,185.05,185.4,185.65,28621212,5466651492.0,170.44,161.46175,-0.028519099947671323,0.4619308285643204
2020-01-07,187.0,189.4,182.3,184.35,184.7,34995035,6544071545.0,171.597,161.46125,-0.005117155938594187,0.45956705648171275
2020-01-08,180.2,184.2,180.2,182.75,182.55,21862695,3939657638.9999995,172.294,161.4655,-0.01164049810503509,0.4542174670316008
2020-01-09,184.85,192.75,184.25,192.4,192.0,40803142,7542460798.7,172.685,161.52775000000003,0.051766639276910276,0.4777307788006976
2020-01-10,192.0,199.0,190.0,194.25,196.35,60252338,11568448896.0,173.174,161.6095,0.022656250000000044,0.4885543667579009
2020-01-13,194.75,197.75,191.4,195.9,196.25,40535961,7894378404.75,173.545,161.67950000000002,-0.0005092946269416032,0.48830554864394227
2020-01-14,195.7,198.25,193.6,195.2,195.85,29867542,5845077969.4,173.961,161.7445,-0.0020382165605096203,0.48731027618810746
2020-01-15,195.0,201.7,194.0,199.7,200.35,38485962,7504762590.0,174.52399999999997,161.84525000000002,0.02297676793464376,0.49850709131624876
2020-01-16,199.5,200.6,196.9,197.25,197.55,28118140,5609568930.0,175.035,161.95600000000002,-0.013975542800099716,0.4915401841254053
2020-01-17,197.25,199.45,195.7,196.7,197.3,18204088,3590756358.0,175.49099999999999,162.086,-0.0012655024044545549,0.49091813884050856
2020-01-20,198.0,201.45,194.3,195.55,195.0,28976013,5737250574.0,175.96099999999998,162.19549999999998,-0.011657374556512945,0.48519532221945855
2020-01-21,195.5,196.4,190.2,190.25,191.4,20859400,4078012700.0,176.408,162.30325000000002,-0.018461538461538418,0.47623787011694546
2020-01-22,191.95,192.5,184.25,185.6,185.6,32952072,6325150220.4,176.68,162.3785,-0.030303030303030387,0.461806419507341
2020-01-23,186.75,190.4,183.8,188.1,188.4,33032086,6168742060.5,177.03599999999997,162.44925,0.015086206896551824,0.46877332669818456
2020-01-24,188.0,191.0,185.0,186.9,186.5,21791825,4096863100.0,177.425,162.445,-0.010084925690021285,0.4640457825329693
2020-01-27,185.7,186.9,180.85,182.35,182.2,30132428,5595591879.599999,177.69799999999998,162.34125,-0.023056300268096575,0.4533466036327453
2020-01-28,183.9,184.3,174.9,176.4,176.1,38283588,7040351833.2,177.81799999999998,162.215,-0.03347969264544459,0.4381686986812648
2020-01-29,178.8,188.9,178.55,188.1,188.05,61585660,11011516008.0,178.224,162.1245,0.06785917092561045,0.46790246329932905
2020-01-30,190.95,192.55,184.25,186.3,186.2,70900581,13538465941.949999,178.6,162.02975,-0.009837809093326322,0.46329932819109315
2020-01-31,186.3,188.35,175.95,176.9,176.6,75621897,14088359411.1,178.84900000000002,161.91,-0.05155746509129966,0.43941278925105826
2020-02-01,175.4,178.8,163.7,165.4,165.6,42515114,7457150995.6,178.914,161.70850000000002,-0.0622876557191393,0.4120427967156016
2020-02-03,163.5,168.3,159.55,164.4,163.85,66616190,10891747065.0,178.86899999999997,161.4475,-0.010567632850241537,0.40768847972132444
2020-02-04,166.55,168.6,161.2,166.35,165.7,49034642,8166719625.1,178.915,161.185,0.01129081476960625,0.4122916148295603
2020-02-05,167.4,184.95,166.6,183.4,183.75,92982265,15565231161.0,179.27200000000002,161.024,0.10893180446590223,0.457203284399105
2020-02-06,182.0,183.4,175.75,178.5,178.85,61821140,11251447480.0,179.55300000000003,160.7595,-0.026666666666666727,0.44501119681512885
2020-02-07,177.4,178.15,173.0,173.5,173.6,45195760,8017727824.0,179.795,160.475,-0.02935420743639927,0.43194824583229724
2020-02-10,173.2,173.2,168.0,169.0,168.9,33279372,5763987230.4,179.952,160.13825,-0.027073732718893906,0.42025379447623856
2020-02-11,171.85,175.15,168.4,170.05,169.75,42868276,7366913230.599999,180.18300000000002,159.81275,0.005032563647128452,0.4223687484448875
2020-02-12,173.0,173.3,169.0,171.1,170.95,34621395,5989501335.0,180.21399999999997,159.50924999999998,0.007069219440353436,0.42535456581239184
2020-02-13,171.35,172.35,168.1,169.65,169.5,25049848,4292291454.7999997,180.282,159.23875,-0.008482012284293572,0.4217467031599908
2020-02-14,172.0,176.2,168.3,169.65,169.1,56676430,9748345960.0,180.43400000000003,158.975,-0.0023598820058997605,0.420751430704156
2020-02-17,170.4,171.35,166.35,170.0,169.1,32893274,5605013889.6,180.60600000000002,158.7425,0.0,0.420751430704156
2020-02-18,168.0,168.0,158.6,162.55,161.6,52744122,8861012496.0,180.644,158.47899999999998,-0.044352454169130695,0.40209007215725373
2020-02-19,162.85,164.6,153.05,158.1,158.05,78914233,12851182844.05,180.56900000000002,158.23275,-0.021967821782178154,0.39325702911172
2020-02-20,157.95,162.3,156.0,158.75,158.5,54328194,8581138242.299999,180.27200000000002,157.97799999999998,0.002847200253084381,0.3943767106245341
2020-02-24,154.0,155.9,149.6,150.6,150.65,39706007,6114725078.0,179.75099999999998,157.73225,-0.04952681388012614,0.37484448867877646
2020-02-25,152.2,153.4,147.45,150.45,149.9,52719851,8023961322.2,179.25,157.52700000000002,-0.004978426817125792,0.37297835282408626
2020-02-26,146.9,147.9,143.7,144.5,144.55,47605927,6993310676.3,178.537,157.32425,-0.035690460306871175,0.35966658372729604
2020-02-27,144.15,146.75,141.1,145.3,145.25,51328153,7398953254.950001,177.94600000000003,157.11875,0.004842615012106366,0.3614083105250069
2020-02-28,138.85,139.6,127.05,129.65,128.95,94469619,13117106598.15,176.94199999999998,156.834,-0.11222030981067133,0.3208509579497393
2020-03-02,133.0,133.9,123.8,125.1,125.4,111585697,14840897701.0,175.931,156.55725,-0.02753005040713441,0.3120179149042056
2020-03-03,127.5,131.4,125.25,130.4,130.35,86765576,11062610940.0,175.01699999999997,156.28650000000002,0.03947368421052633,0.32433441154516107
2020-03-04,129.6,129.6,120.55,126.4,126.2,97546902,12642078499.199999,174.03099999999998,156.07025,-0.031837360951284976,0.31400845981587516
2020-03-05,127.55,129.15,124.25,124.75,125.75,87795649,11198335029.949999,173.054,155.822,-0.003565768621236143,0.312888778303061
2020-03-06,115.0,117.3,112.8,113.8,114.2,83971462,9656718130.0,171.815,155.50875,-0.09184890656063616,0.28415028614083154
2020-03-09,109.0,109.85,104.25,104.9,105.7,81550460,8889000140.0,170.255,155.0865,-0.07443082311733795,0.26300074645434235
2020-03-11,104.85,106.5,97.8,98.35,98.9,111148611,11653931863.349998,168.53,154.697,-0.06433301797540203,0.24608111470515098
2020-03-12,91.1,94.9,84.1,88.95,88.0,143551005,13077496555.5,166.601,154.2415,-0.1102123356926189,0.21895994028365304
2020-03-13,81.9,94.15,78.05,90.5,89.75,106153102,8693939053.800001,164.521,153.8145,0.019886363636363535,0.2233142572779302
2020-03-16,85.6,87.65,82.2,82.6,82.95,73707690,6309378264.0,162.358,153.31775,-0.07576601671309191,0.20639462552873883
2020-03-17,83.05,85.0,77.4,77.5,77.95,71849223,5967077970.15,160.204,152.80075,-0.060277275467148894,0.193953719830804
2020-03-18,79.9,80.45,75.1,75.4,75.5,70134169,5603720103.1,158.02,152.277,-0.03143040410519571,0.18785767603881592
2020-03-19,70.0,76.5,68.75,72.9,72.95,68124538,4768717660.0,155.828,151.76,-0.033774834437086065,0.18151281413286915
2020-03-20,74.0,79.6,72.65,77.8,77.3,86044637,6367303138.0,153.534,151.27075,0.05962988348183673,0.19233640209007244
2020-03-23,70.0,72.0,66.0,66.7,66.2,34184331,2392903170.0,150.93099999999998,150.73875,-0.14359637774902967,0.16471759144065715
2020-03-24,69.9,71.5,63.5,68.95,68.55,49553202,3463768819.8,148.37699999999998,150.209,0.03549848942598177,0.1705648171186865
2020-03-25,67.75,71.7,67.25,70.1,70.25,57716006,3910259406.5,145.865,149.694,0.02479941648431816,0.17479472505598437
2020-03-26,71.45,73.5,68.3,70.95,70.8,63822905,4560146562.25,143.274,149.1995,0.00782918149466183,0.1761632246827572
2020-03-27,72.05,75.9,69.35,70.7,70.7,58824452,4238301766.6,140.737,148.7055,-0.0014124293785310327,0.1759144065687985
2020-03-30,68.8,70.0,67.25,68.4,68.15,35278179,2427138715.2,138.15400000000002,148.21525,-0.036067892503536036,0.16956954466285173
2020-03-31,70.6,71.5,68.2,70.75,71.05,46166723,3259370643.7999997,135.675,147.71675,0.04255319148936154,0.1767852699676539
2020-04-01,70.5,71.65,67.55,67.95,67.95,38167981,2690842660.5,133.20600000000002,147.21125,-0.04363124560168885,0.16907190843493433
2020-04-03,66.9,66.9,64.8,65.45,65.3,35346490,2364680181.0,130.8,146.70075,-0.03899926416482713,0.16247822841502887
2020-04-07,68.55,69.3,66.9,67.2,67.25,42070735,2883948884.25,128.37699999999998,146.216,0.02986217457886675,0.16733018163722346
2020-04-08,66.5,71.6,65.4,67.75,67.6,82182403,5465129799.5,125.999,145.76024999999998,0.005204460966542701,0.16820104503607888
2020-04-09,69.6,76.25,69.1,74.5,74.6,112680750,7842580199.999999,123.84700000000001,145.34175000000002,0.10355029585798814,0.18561831301318765
2020-04-13,76.0,77.6,72.7,74.5,74.25,70414018,5351465368.0,121.81,144.93975,-0.004691689008042843,0.18474744961433223
2020-04-15,75.4,78.7,71.95,73.1,72.9,81126343,6116926262.200001,119.507,144.50799999999998,-0.018181818181818077,0.18138840507588985
2020-04-16,71.75,75.4,71.0,75.1,74.65,47910556,3437582393.0,117.27599999999998,144.08675,0.02400548696844984,0.18574272207016704
2020-04-17,78.3,78.3,74.7,76.85,76.85,58336227,4567726574.099999,115.281,143.6745,0.029470864032149935,0.19121672057725836
2020-04-20,76.85,83.4,75.5,80.1,80.45,125427754,9639122894.9,113.57799999999999,143.2745,0.046844502277163524,0.20017417267977147
2020-04-21,78.0,78.0,74.0,74.45,74.65,58249560,4543465680.0,111.79400000000001,142.84225,-0.072094468614046,0.18574272207016707
2020-04-22,74.45,76.55,72.55,76.15,75.9,56529909,4208651725.05,109.99799999999999,142.3925,0.016744809109176195,0.18885294849465079
2020-04-23,76.75,78.65,75.4,75.9,75.65,50372620,3866098585.0,107.83599999999998,141.958,-0.0032938076416337836,0.18823090320975402
2020-04-24,75.0,76.9,74.0,74.3,74.2,40054235,3004067625.0,105.74300000000001,141.489,-0.019167217448777252,0.18462304055735293
2020-04-27,75.9,76.2,74.8,75.15,75.25,27835405,2112707239.5000002,103.77600000000001,141.0465,0.014150943396226356,0.18723563075391925
2020-04-28,75.65,78.2,75.2,76.85,76.95,34825466,2634546502.9,101.93700000000001,140.61975,0.022591362126245906,0.1914655386912171
2020-04-29,77.45,79.3,76.55,78.15,78.15,40785025,3158800186.25,100.105,140.18449999999999,0.015594541910331383,0.19445135605872146
2020-04-30,85.95,93.75,85.95,93.75,93.25,170645234,14666957862.300001,98.551,139.84975,0.19321817018554044,0.23202289126648462
2020-05-04,87.0,87.2,81.5,84.05,83.9,91167307,7931555709.0,96.83900000000001,139.4965,-0.10026809651474522,0.2087583976113465
2020-05-05,86.0,86.8,80.4,81.0,80.9,57123018,4912579548.0,95.075,139.122,-0.035756853396901045,0.2012938541925856
2020-05-06,81.55,83.95,80.35,83.7,83.2,53739428,4382450353.4,93.35699999999999,138.77975,0.028430160692212603,0.20701667081363562
2020-05-07,82.9,84.65,82.1,82.55,82.5,31160671,2583219625.9,91.775,138.40824999999998,-0.008413461538461564,0.20527494401592475
2020-05-08,84.5,84.95,80.55,81.2,81.05,35363226,2988192597.0,90.235,138.017,-0.017575757575757578,0.20166708136352365
2020-05-11,81.45,90.65,81.4,85.85,86.1,152592033,12428621087.85,88.787,137.64275,0.062307217766810474,0.2142323961184378
2020-05-12,85.95,87.7,83.5,86.45,86.2,77552355,6665624912.25,87.498,137.22375,0.0011614401858304202,0.2144812142323965
2020-05-13,92.5,92.5,86.25,88.0,87.2,68086246,6297977755.0,86.244,136.82025000000002,0.011600928074245953,0.21696939537198345
2020-05-14,83.95,85.3,82.55,83.9,83.8,46341703,3890385966.85,85.029,136.43550000000002,-0.03899082568807344,0.20850957949738777
2020-05-15,84.7,85.35,82.8,84.15,84.35,38594210,3268929587.0,83.81099999999998,136.083,0.0065632458233890745,0.20987807912416062
2020-05-18,84.5,84.5,79.6,80.9,80.65,44221575,3736723087.5,82.845,135.7025,-0.0438648488441018,0.20067180890768888
2020-05-19,82.5,85.65,81.5,82.3,81.8,65379359,5393797117.5,81.97300000000001,135.3305,0.014259144451332917,0.20353321721821388
2020-05-20,81.25,84.4,80.7,83.65,83.45,36351616,2953568800.0,81.035,134.9915,0.02017114914425444,0.2076387160985324
2020-05-21,83.1,85.2,82.9,83.95,84.1,37290910,3098874621.0,80.193,134.6905,0.007789095266626633,0.20925603383926392
2020-05-22,83.4,83.9,82.0,83.05,82.8,29252936,2439694862.4,79.334,134.36875,-0.015457788347205681,0.20602139835780087
2020-05-26,83.9,85.7,82.6,83.25,83.1,38018351,3189739648.9,78.712,134.0965,0.0036231884057971175,0.20676785269967696
2020-05-27,84.1,86.0,84.0,84.7,84.55,57958863,4874340378.299999,78.289,133.852,0.017448856799037404,0.21037571535207808
2020-05-28,86.0,88.15,84.55,87.15,87.0,96183461,8271777646.0,78.05099999999999,133.609,0.02897693672383217,0.21647175914406616
2020-05-29,85.55,87.5,84.65,86.7,87.0,80819025,6914067588.75,78.03099999999999,133.39625,0.0,0.21647175914406616
2020-06-01,88.9,91.2,88.0,89.6,89.55,71081216,6319120102.400001,78.027,133.1905,0.02931034482758621,0.22281662105001293
2020-06-02,90.0,97.3,89.75,96.15,96.5,125410755,11286967950.0,78.298,133.05425,0.07761027359017314,0.24010947997014237
2020-06-03,100.0,101.45,97.4,98.5,98.75,90600115,9060011500.0,78.714,132.9355,0.023316062176165886,0.24570788753421308
2020-06-04,99.0,101.4,96.8,98.75,98.5,72080989,7136017911.0,79.174,132.841,-0.0025316455696202667,0.24508584224931634
2020-06-05,100.45,112.45,99.05,111.95,110.75,187212583,18805503962.350002,79.93,132.77450000000002,0.12436548223350252,0.2755660612092567
2020-06-08,114.0,119.15,113.35,115.65,115.45,136948454,15612123756.0,80.693,132.7415,0.04243792325056428,0.28726051256531543
2020-06-09,117.45,117.9,110.25,111.25,111.45,79474755,9334309974.75,81.598,132.68900000000002,-0.03464703334776964,0.27730778800696754
2020-06-10,111.0,113.0,108.5,112.2,111.4,84038803,9328307133.0,82.455,132.6415,-0.0004486316733961493,0.2771833789499882
2020-06-11,109.9,111.15,105.0,106.1,106.15,55488921,6098232417.900001,83.17300000000002,132.56550000000001,-0.04712746858168759,0.2641204279671566
2020-06-12,98.0,106.25,98.0,104.75,105.3,92997378,9113743044.0,83.863,132.488,-0.0080075365049459,0.2620054739985077
2020-06-15,104.65,104.65,100.05,100.65,100.5,69320247,7254363848.55,84.459,132.37125,-0.04558404558404561,0.25006220452849026
2020-06-16,102.0,103.5,92.0,94.6,94.75,215478234,21978779868.0,84.99099999999999,132.283,-0.057213930348258724,0.23575516297586518
2020-06-17,93.0,96.4,91.8,95.35,95.4,110831825,10307359725.0,85.47800000000001,132.22150000000002,0.0068601583113456766,0.23737248071659672
2020-06-18,95.0,97.2,94.15,96.5,96.35,58964763,5601652485.0,86.04599999999999,132.148,0.009958071278825864,0.23973625279920432
2020-06-19,96.5,103.9,95.6,101.9,102.5,135463691,13072246181.5,86.79,132.10775,0.06382978723404253,0.2550385668076642
2020-06-22,102.35,104.9,101.0,102.55,102.65,68549914,7016083697.9,87.498,132.01925,0.0014634146341463428,0.25541179397860225
2020-06-23,103.0,106.0,101.9,104.4,104.4,68638635,7069779405.0,88.234,131.9595,0.017048222113979605,0.25976611097287944
2020-06-24,105.25,110.8,104.2,105.15,104.8,125462474,13204925388.5,88.838,131.912,0.003831417624520883,0.2607613834287142
2020-06-25,103.85,106.3,101.65,104.0,103.8,63198650,6563179802.5,89.429,131.8475,-0.009541984732824416,0.2582732022891272
2020-06-26,105.4,106.05,100.35,102.0,101.4,56328105,5936982267.0,89.999,131.79125,-0.02312138728323687,0.25230156755411853
2020-06-29,101.4,101.4,98.05,99.7,99.45,43275076,4388092706.400001,90.495,131.741,-0.019230769230769273,0.24744961433192394
2020-06-30,101.75,102.3,97.3,98.75,98.25,50767147,5165557207.25,90.92299999999999,131.642,-0.012066365007541546,0.24446379696441956
2020-07-01,99.0,101.45,98.2,100.5,100.75,50868246,5035956354.0,91.329,131.5395,0.025445292620865034,0.25068424981338694
2020-07-02,100.75,102.95,100.4,101.65,101.55,48086112,4844675784.0,91.86699999999999,131.43775,0.007940446650124056,0.2526747947250565
2020-07-03,102.85,106.35,102.1,103.4,103.45,87312581,8980098955.85,92.41799999999999,131.28325,0.01870999507631721,0.25740233889027175
2020-07-06,105.0,109.9,104.5,109.0,109.0,91971938,9657053490.0,93.085,131.1885,0.05364910584823579,0.2712117442149794
2020-07-07,109.8,112.6,108.05,108.95,109.05,85842146,9425467630.8,93.78199999999998,131.086,0.0004587155963302614,0.27133615327195876
2020-07-08,109.5,110.85,104.2,105.6,105.35,55890628,6120023766.0,94.384,130.96975,-0.03392939018798724,0.26212988305548696
2020-07-09,106.3,108.95,104.65,107.4,106.95,54492889,5792594100.7,94.984,130.8945,0.015187470336972098,0.2661109728788261
2020-07-10,106.7,108.6,105.4,107.25,107.6,64694703,6902924810.1,95.57300000000001,130.82375,0.006077606358111165,0.2677282906195576
2020-07-13,108.85,112.1,106.85,108.3,108.0,81900473,8914866486.05,95.86800000000001,130.74275,0.003717472118959231,0.2687235630753924
2020-07-14,106.9,107.55,104.1,105.2,105.15,46926242,5016415269.8,96.29299999999999,130.60225,-0.026388888888888795,0.2616322468275696
2020-07-15,106.8,106.8,102.5,103.45,103.2,49688858,5306770034.4,96.73899999999999,130.47875,-0.01854493580599148,0.25678029360537497
2020-07-16,103.95,103.95,100.6,102.95,102.95,44334635,4608585308.25,97.134,130.339,-0.002422480620155043,0.25615824832047823
2020-07-17,103.65,106.95,103.3,106.35,106.4,42080407,4361634185.55,97.61200000000001,130.25575,0.03351141330743079,0.26474247325205325
2020-07-20,106.35,106.35,103.85,104.95,105.05,39787958,4231449333.2999997,98.09200000000001,130.1585,-0.012687969924812137,0.2613834287136108
2020-07-21,106.0,109.7,105.5,108.15,108.45,66009182,6996973292.0,98.539,130.10125,0.032365540218943334,0.26984324458820647
2020-07-22,108.5,109.75,104.25,105.45,105.15,50740709,5505366926.5,98.91799999999999,130.03975,-0.03042876901798064,0.26163224682756947
2020-07-23,105.45,106.45,104.7,106.0,106.05,30722468,3239684250.6,99.295,129.9935,0.008559201141226769,0.26387160985319774
2020-07-24,104.7,105.5,102.7,103.65,103.75,39366097,4121630355.9,99.694,129.90025000000003,-0.021687883074021697,0.25814879323214773
2020-07-27,104.0,104.5,101.3,101.9,101.7,29646442,3083229968.0,100.041,129.8105,-0.0197590361445783,0.25304802189599446
2020-07-28,102.3,107.2,102.0,106.2,106.45,64271556,6574980178.8,100.55699999999999,129.75525,0.04670599803343167,0.26486688230903255
2020-07-29,108.1,108.75,104.85,105.7,105.75,44561874,4817138579.4,101.03599999999999,129.6795,-0.006575857209957792,0.26312515551132165
2020-07-30,106.4,106.75,102.85,103.25,103.65,33382883,3551938751.2000003,101.44,129.61375,-0.019858156028368712,0.257899975118189
2020-07-31,104.0,105.4,102.3,105.05,104.65,33809020,3516138080.0,101.851,129.5305,0.009647853352628966,0.26038815625777595
2020-08-03,103.0,114.4,102.9,111.7,113.05,194765847,20060882241.0,102.456,129.4565,0.08026755852842804,0.2812888778303064
2020-08-04,112.95,115.1,110.8,111.15,111.45,95906991,10832694633.45,103.023,129.379,-0.014153029632905767,0.2773077880069673
2020-08-05,112.4,117.65,112.0,115.55,115.4,99372353,11169452477.2,103.64,129.32675,0.03544190219829524,0.28713610350833585
2020-08-06,116.2,117.7,115.5,117.15,116.8,60093689,6982886661.8,104.23599999999999,129.21325,0.0121317157712304,0.2906195571037576
2020-08-07,117.0,119.7,116.0,118.9,119.1,56489837,6609310929.0,104.87799999999999,129.1245,0.019691780821917693,0.2963423737248076
2020-08-10,119.95,124.7,119.7,123.35,123.85,71095910,8527954404.5,105.56400000000002,129.085,0.03988245172124261,0.3081612341378457
2020-08-11,125.0,125.8,121.4,122.55,122.3,50225180,6278147500.0,106.08,129.03324999999998,-0.01251513928138881,0.3043045533714859
2020-08-12,121.0,126.4,120.6,125.0,125.35,50715485,6136573685.0,106.61200000000001,128.9925,0.02493867538838912,0.3118935058472261
2020-08-13,126.1,131.9,124.4,131.1,131.15,95490351,12041333261.1,107.265,129.014,0.04627044276027137,0.3263249564568305
2020-08-14,131.15,132.65,123.7,124.85,124.6,75034602,9840788052.300001,107.542,128.8985,-0.049942813572245615,0.3100273699925359
2020-08-17,124.5,126.25,120.6,123.7,123.55,61154591,7613746579.5,107.704,128.654,-0.008426966292134797,0.3074147797959696
2020-08-18,124.0,127.5,123.6,125.55,125.6,62154483,7707155892.0,107.987,128.4225,0.016592472683124138,0.3125155511321228
2020-08-19,127.0,127.6,124.75,125.3,125.15,45133950,5732011650.0,108.262,128.15975,-0.003582802547770658,0.3113958696193087
2020-08-20,123.45,125.65,121.1,121.85,121.7,43533457,5374205266.650001,108.573,127.89300000000001,-0.027566919696364378,0.3028116446877337
2020-08-21,124.2,124.2,120.15,121.25,120.9,48650670,6042413214.0,108.885,127.6365,-0.006573541495480617,0.30082109977606414
2020-08-24,122.0,123.0,120.8,121.1,121.2,31296668,3818193496.0,109.29900000000002,127.3825,0.002481389578163684,0.30156755411794023
2020-08-25,121.8,128.35,121.1,127.65,127.1,90267008,10994521574.4,109.946,127.1455,0.048679867986798575,0.31624782284150327
2020-08-26,130.5,139.0,128.35,138.4,137.9,197516356,25775884458.0,110.796,126.9775,0.08497246262785207,0.34312017914904247
2020-08-27,140.1,146.85,139.3,143.6,144.25,181382530,25411692453.0,111.75400000000002,126.8535,0.046047860768672955,0.3589201293854197
2020-08-28,144.15,146.2,140.5,142.75,142.8,95196419,13722563798.85,112.56,126.7075,-0.010051993067590859,0.35531226673301863
2020-08-31,144.5,147.95,138.2,142.1,143.2,160564520,23201573140.0,113.37100000000001,126.57050000000001,0.0028011204481790397,0.35630753918885333
2020-09-01,143.4,145.15,140.4,144.0,143.8,58811608,8433584587.200001,114.15899999999999,126.45424999999999,0.0041899441340784715,0.3578004478726056
2020-09-02,144.3,151.65,141.45,151.5,150.3,74951550,10815508665.0,115.069,126.363,0.045201668984701016,0.3739736252799209
2020-09-03,151.6,155.2,149.55,151.45,151.85,110156875,16699782250.0,116.03,126.27175000000001,0.010312707917498276,0.37783030604628065
2020-09-04,147.9,153.65,147.0,147.6,147.8,95565047,14134070451.300001,116.95800000000001,126.17200000000001,-0.026671056964109208,0.36775317243095346
2020-09-07,150.0,152.0,148.0,149.0,149.4,82619417,12392912550.0,117.95700000000001,126.08200000000001,0.010825439783491264,0.3717342622542926
2020-09-08,149.45,149.6,141.2,142.35,142.3,76297951,11402728776.949999,118.83800000000001,125.97274999999999,-0.047523427041499255,0.3540681761632252
2020-09-09,141.0,141.75,135.7,140.65,140.1,105358206,14855507046.0,119.625,125.86149999999999,-0.015460295151089376,0.3485941776561339
2020-09-10,142.8,144.5,138.0,143.1,143.3,79606710,11367838188.0,120.46,125.7475,0.0228408279800143,0.35655635730281215
2020-09-11,143.1,146.8,141.65,143.65,144.3,65137801,9321219323.1,121.277,125.652,0.006978367062107527,0.35904453844239914
2020-09-14,147.2,151.1,145.5,147.15,148.55,84506253,12439320441.599998,122.06800000000001,125.56524999999999,0.029452529452529408,0.3696193082856437
2020-09-15,149.4,149.4,146.55,148.9,148.4,42887987,6407465257.8,122.855,125.48324999999998,-0.0010097610232245868,0.36924608111470564
2020-09-16,149.2,154.3,148.55,151.0,151.45,85057870,12690634203.999998,123.777,125.43299999999999,0.020552560646900142,0.37683503359044584
2020-09-17,150.8,151.0,146.2,147.75,147.65,48119523,7256424068.400001,124.59100000000001,125.366,-0.025090789039286743,0.36737994526001544
2020-09-18,148.7,150.5,146.25,147.75,147.9,46271652,6880594652.4,125.39699999999999,125.3145,0.0016931933626820328,0.36800199054491217
2020-09-21,147.75,147.75,135.5,136.3,137.45,64735434,9564660373.5,125.98599999999999,125.15475,-0.07065584854631524,0.3420004976362283
2020-09-22,138.0,138.15,129.65,133.85,133.1,87298376,12047175888.0,126.545,124.98975,-0.031647871953437545,0.331176909679025
2020-09-23,135.5,136.7,127.9,131.4,131.4,74983029,10160200429.5,127.10900000000001,124.83924999999999,-0.012772351615326749,0.3269470017417272
2020-09-24,127.9,128.8,122.15,122.75,122.8,62423543,7983971149.700001,127.506,124.65074999999999,-0.06544901065449016,0.3055486439412793
2020-09-25,123.7,128.35,123.1,127.0,127.25,65042619,8045771970.3,127.92299999999999,124.48849999999999,0.03623778501628672,0.3166210500124413
2020-09-28,128.9,134.3,127.5,133.1,132.85,61830960,7970010744.0,128.47899999999998,124.34375,0.044007858546168954,0.3305548643941283
2020-09-29,134.95,136.0,130.7,131.95,131.7,63367335,8551421858.249999,128.944,124.13550000000001,-0.008656379375235224,0.3276934560836033
2020-09-30,131.55,134.4,130.3,133.4,133.3,48859151,6427421314.05,129.507,123.91850000000001,0.012148823082763993,0.33167454590694245
2020-10-01,135.9,136.5,132.55,133.85,133.5,40491787,5502833853.3,130.056,123.71125,0.0015003750937734317,0.33217218213485983
2020-10-05,136.95,137.5,132.05,134.2,133.9,55268395,7569006695.249999,130.659,123.47975000000001,0.002996254681647992,0.33316745459069463
2020-10-06,138.0,145.8,136.0,144.45,144.75,162047240,22362519120.0,131.52,123.3295,0.08103061986557125,0.3601642199552132
2020-10-07,144.25,144.5,139.8,141.15,141.0,68274103,9848539357.75,132.211,123.13875,-0.025906735751295318,0.3508335406817621
2020-10-08,142.85,143.5,139.6,141.15,140.95,40943141,5848727691.849999,132.915,122.96375,-0.00035460992907809796,0.35070913162478273
2020-10-09,141.15,142.65,138.0,138.6,138.45,37097517,5236314524.55,133.611,122.77575,-0.01773678609435969,0.34448867877581535
2020-10-12,139.65,139.65,133.0,135.9,135.9,39279464,5485377147.6,134.236,122.57775000000001,-0.018418201516792965,0.3381438168698686
2020-10-13,135.4,137.1,132.85,133.95,134.1,38973857,5277060237.8,134.657,122.37525,-0.013245033112582849,0.33366509081861206
2020-10-14,133.75,134.65,128.8,130.5,130.7,45792723,6124776701.25,135.042,122.14800000000001,-0.025354213273676374,0.32520527494401635
2020-10-15,131.5,134.35,126.5,126.55,126.95,64004610,8416606215.0,135.273,121.86425000000001,-0.028691660290742105,0.31587459567056525
2020-10-16,129.4,130.05,126.0,127.8,127.75,62554211,8094514903.400001,135.49200000000002,121.57725,0.006301693580149648,0.3178651405822348
2020-10-19,129.8,130.4,127.8,128.25,128.25,33161414,4304351537.200001,135.675,121.29625,0.00391389432485334,0.3191092311520283
2020-10-20,128.1,130.3,126.35,129.35,129.65,27470025,3518910202.5,135.791,120.97574999999999,0.010916179337232101,0.3225926847474501
2020-10-21,131.05,133.1,128.3,130.6,130.25,39252680,5144063714.0,135.95,120.6715,0.004627844195912001,0.3240855934312023
2020-10-22,129.7,134.6,128.45,134.25,133.5,48808808,6330502397.599999,136.113,120.41075000000001,0.0249520153550864,0.33217218213485994
2020-10-23,134.9,138.9,134.1,136.65,137.0,68712845,9269362790.5,136.23,120.17225,0.02621722846441954,0.34088081612341437
2020-10-26,138.4,140.8,131.25,133.65,133.7,88533181,12252992250.4,136.412,119.92800000000001,-0.024087591240876005,0.33266981836277737
2020-10-27,134.15,136.75,130.85,136.65,135.65,56861313,7627945138.950001,136.654,119.64625,0.014584891548242496,0.337521771584972
2020-10-28,139.0,143.25,133.5,134.75,134.8,152361862,21178298818.0,136.83800000000002,119.33850000000001,-0.00626612605971244,0.33540681761632307
2020-10-29,132.0,133.0,130.0,132.0,131.9,66634175,8795711100.0,136.97299999999998,119.01674999999999,-0.021513353115726996,0.3281910923115209
2020-10-30,133.2,134.5,130.3,133.2,132.65,51128679,6810340042.799999,137.192,118.70075000000001,0.005686125852918833,0.3300572281662111
2020-11-02,133.65,134.0,131.1,132.7,132.85,40388690,5397948418.5,137.431,118.36325,0.0015077271013945737,0.33055486439412846
2020-11-03,135.0,137.4,133.55,133.9,134.1,52071476,7029649260.0,137.689,118.046,0.009409108016560142,0.3336650908186122
2020-11-04,135.6,137.0,134.0,135.65,135.9,44675934,6058056650.4,137.865,117.73899999999999,0.01342281879194629,0.3381438168698687
2020-11-05,137.0,138.0,136.0,137.65,137.65,38928602,5333218474.0,137.86,117.45225,0.012877115526122251,0.34249813386414596
2020-11-06,137.65,142.3,137.65,138.7,139.0,67966815,9355632084.75,137.755,117.19024999999999,0.00980748274609522,0.3458571784025884
2020-11-09,140.6,141.5,138.7,141.05,141.0,40277460,5663010876.0,137.71900000000002,116.96725,0.014388489208633004,0.3508335406817623
2020-11-10,144.05,146.7,142.75,145.9,146.0,68794369,9909828854.45,137.775,116.75524999999999,0.03546099290780136,0.36327444637969714
2020-11-11,146.5,151.5,145.65,151.1,150.95,78583629,11512501648.5,137.918,116.5775,0.03390410958904111,0.3755909430206526
2020-11-12,150.95,153.85,150.0,151.15,151.2,56145517,8475165791.15,137.936,116.42250000000001,0.001656177542232573,0.37621298830554933
2020-11-13,150.0,150.0,145.35,146.2,146.35,32566537,4884980550.0,137.826,116.27375,-0.03207671957671954,0.3641453097785526
2020-11-14,148.7,150.8,148.0,148.45,148.85,11749453,1747143661.1,137.84699999999998,116.07775,0.01708233686368299,0.37036576262752
2020-11-17,152.5,159.35,152.2,158.0,158.0,82644841,12603338252.5,138.019,115.93674999999999,0.061471279811891266,0.3931326200547408
2020-11-18,158.85,178.8,158.55,173.0,173.5,171801183,27290617919.55,138.643,115.92125,0.09810126582278489,0.43169942771833886
2020-11-19,171.4,176.35,166.55,166.95,167.95,109449407,18759628359.8,139.2,115.93299999999999,-0.0319884726224785,0.41789002239363116
2020-11-20,170.05,171.55,165.55,168.3,169.1,66935703,11382416295.150002,139.716,115.95925000000001,0.006847275974992684,0.4207514307041562
2020-11-23,169.5,173.9,165.55,170.45,170.7,54566251,9248979544.5,140.244,115.98424999999999,0.009461856889414477,0.4247325205274953
2020-11-24,171.85,175.5,171.1,172.0,172.05,47695247,8196428196.95,140.714,115.92575000000001,0.007908611599297233,0.4280915650659378
2020-11-25,175.0,176.8,169.25,170.95,171.45,54366608,9514156400.0,141.175,115.88875,-0.0034873583260681684,0.4265986563821856
2020-11-26,171.6,175.0,171.05,174.65,173.75,39094724,6708654638.4,141.62099999999998,115.88949999999998,0.013414989792942533,0.4323214730032356
2020-11-27,174.65,183.85,174.65,178.65,180.35,125926062,21992986728.3,142.275,115.94675000000001,0.03798561151079127,0.4487434685245095
2020-12-01,182.35,182.4,178.1,179.85,179.75,48881250,8913495937.5,142.912,115.99675,-0.003326864430274412,0.44725055984075734
2020-12-02,184.0,187.35,181.1,183.3,183.6,88107889,16211851576.0,143.83499999999998,116.06,0.021418636995827578,0.45683005722816716
2020-12-03,185.0,186.0,183.25,185.0,184.85,33332481,6166508985.0,144.87,116.13674999999999,0.006808278867102446,0.4599402836526509
2020-12-04,186.5,188.8,182.2,184.25,184.15,47995639,8951186673.5,145.925,116.212,-0.0037868542061130217,0.45819855685494004
2020-12-07,184.45,186.45,182.7,183.9,183.55,29802472,5497065960.4,147.14,116.28424999999999,-0.0032582134129784945,0.45670564817118786
2020-12-08,184.95,185.7,178.95,181.75,181.8,42143391,7794420165.45,148.231,116.38525000000001,-0.009534186870062689,0.4523513311769107
2020-12-09,183.0,186.4,181.65,182.85,182.7,40300535,7374997905.0,149.22799999999998,116.5085,0.004950495049504733,0.45459069420253884
2020-12-10,182.7,182.7,176.4,177.95,177.6,38368777,7009975557.9,150.14600000000002,116.60400000000001,-0.02791461412151064,0.4419009703906453
2020-12-11,177.95,181.45,176.5,178.2,178.85,43065542,7663513198.9,151.057,116.745,0.00703828828828823,0.44501119681512896
2020-12-14,181.0,181.5,176.7,177.9,177.65,33186273,6006715413.0,151.94,116.88375,-0.006709533128319789,0.4420253794476246
2020-12-15,176.45,179.7,173.25,178.9,178.9,41190341,7268035669.45,152.84,117.0555,0.007036307345904769,0.44513560587210826
2020-12-16,181.0,183.8,180.1,182.25,182.55,51259394,9277950314.0,153.596,117.242,0.02040245947456687,0.4542174670316007
2020-12-17,184.0,184.0,180.65,181.3,181.7,34101954,6274759536.0,154.41,117.50574999999999,-0.004656258559298965,0.45210251306295174
2020-12-18,180.9,181.5,176.65,180.4,180.55,46065197,8333194137.3,155.202,117.78150000000001,-0.006329113924050556,0.4492411047524268
2020-12-21,176.0,177.55,162.5,163.5,164.55,75582907,13302591632.0,155.724,117.9525,-0.08861811132650232,0.40943020651903533
2020-12-22,164.55,169.2,156.7,165.05,164.95,110009846,18102120159.300003,156.305,118.14625000000002,0.0024308720753569713,0.4104254789748701
2020-12-23,165.0,169.7,163.4,169.5,169.2,56930071,9393461715.0,157.00699999999998,118.3635,0.025765383449530166,0.4210002488181147
2020-12-24,172.0,178.0,172.0,175.8,175.95,73831319,12698986868.0,157.91199999999998,118.67225,0.039893617021276695,0.4377954715103268
2020-12-28,179.85,187.4,179.0,186.0,186.35,98012135,17627482479.75,159.1,119.07549999999999,0.059107701051435146,0.4636725553620313
2020-12-29,187.9,188.45,181.1,183.5,183.45,71318085,13400668171.5,160.214,119.49824999999998,-0.015562114301046481,0.45645683005722903
2020-12-30,183.1,185.4,180.4,184.85,184.15,38576159,7063294712.9,161.332,119.979,0.003815753611338346,0.45819855685494
2020-12-31,184.85,187.5,182.8,183.5,183.85,48978310,9053640603.5,162.416,120.44949999999999,-0.0016291067064893028,0.4574521025130639
2021-01-01,184.95,187.0,184.5,186.55,186.5,27334421,5055501163.95,163.541,120.96725,0.01441392439488709,0.46404578253296935
2021-01-04,191.8,193.0,188.75,191.15,191.3,63980597,12271478504.6,164.697,121.53400000000002,0.02573726541554966,0.4759890520029868
2021-01-05,187.1,193.9,185.05,193.0,193.2,75752593,14173310150.3,165.82100000000003,122.1225,0.009932043910088728,0.48071659616820195
2021-01-06,194.45,197.6,190.65,194.9,195.4,75621947,14704687594.15,167.055,122.73475,0.011387163561076719,0.48619059467529335
2021-01-07,197.0,200.35,195.1,196.5,196.75,66024848,13006895056.0,168.27700000000002,123.33200000000001,0.006908904810644767,0.48954963921373573
2021-01-08,198.75,201.5,197.1,197.85,198.15,53991568,10730824140.0,169.544,123.99175,0.007115628970775223,0.4930330928091575
2021-01-11,199.9,225.4,199.65,223.2,220.65,182483100,36478371690.0,171.319,124.75225,0.11355034065102187,0.5490171684498643
2021-01-12,227.0,252.4,224.1,237.25,237.8,390577839,88661169453.0,173.422,125.59,0.0777249036936325,0.5916894749937808
2021-01-13,242.9,248.8,238.4,242.85,242.6,164649387,39993336102.3,175.61699999999996,126.44900000000001,0.020185029436501134,0.6036327444637981
2021-01-14,242.85,249.8,238.6,245.25,245.1,86819519,21084120189.149998,177.83700000000002,127.321,0.010305028854080689,0.6098531973127654
2021-01-15,246.0,264.65,242.6,261.6,260.3,250038029,61509355134.0,180.325,128.28175,0.0620155038759691,0.6476735506344874
2021-01-18,261.65,262.45,241.15,244.5,245.95,173383224,45365720559.6,182.49099999999999,129.15625,-0.05512869765655026,0.6119681512814144
2021-01-19,251.5,261.7,251.3,258.75,258.65,136861059,34420556338.5,184.884,130.10975,0.0516365114860744,0.6435680517541689
2021-01-20,260.0,277.5,258.85,274.4,274.9,205145151,53337739260.0,187.562,131.15775,0.06282621302919011,0.6840009952724572
2021-01-21,281.0,299.0,280.0,292.45,290.6,283614463,79695664103.0,190.45399999999998,132.27450000000002,0.05711167697344499,0.7230654391639726
2021-01-22,295.95,306.9,278.35,290.85,289.35,316008609,93522747833.55,193.222,133.38325,-0.004301445285615935,0.7199552127394889
2021-01-25,296.9,299.5,277.35,278.7,279.15,164346913,48794598469.7,195.78099999999998,134.406,-0.03525142560912409,0.6945757651157017
2021-01-27,274.9,275.0,265.7,266.75,267.5,126586833,34798720391.7,198.20399999999998,135.37225,-0.04173383485581217,0.6655884548395137
2021-01-28,260.05,273.4,259.05,266.0,266.8,129156876,33587245603.800003,200.563,136.34175000000002,-0.0026168224299064624,0.6638467280418029
2021-01-29,273.0,278.8,260.6,262.35,262.7,138442348,37794761004.0,202.65699999999998,137.282,-0.015367316341829196,0.6536451853694962
2021-02-01,269.75,282.0,255.35,280.3,279.6,165655500,44685571125.0,204.77899999999997,138.29575,0.06433193757137423,0.695695446628516
2021-02-02,293.6,328.85,290.4,326.95,322.0,251965965,73977207324.0,207.86,139.5035,0.15164520743919874,0.8011943269470033
2021-02-03,339.2,341.9,326.2,331.2,331.0,224190114,76045286668.8,211.09799999999998,140.78525,0.02795031055900621,0.823587957203286
2021-02-04,329.0,334.5,322.45,326.1,326.15,121033002,39819857658.0,214.20699999999997,142.03650000000002,-0.014652567975830921,0.8115202786762892
2021-02-05,327.6,330.0,312.6,318.45,315.9,103512235,33910608186.000004,217.084,143.23775,-0.03142725739690322,0.7860164219955228
2021-02-08,318.75,339.25,318.0,336.55,335.95,102123614,32551901962.5,220.37399999999997,144.5465,0.06346945235834123,0.8359044538442415
2021-02-09,337.0,338.5,322.2,325.85,325.05,105981081,35715624297.0,223.4,145.7955,-0.03244530436076787,0.8087832794227436
2021-02-10,326.0,332.65,319.5,328.55,328.9,93466949,30470225374.0,226.371,147.05525,0.011844331641285955,0.8183627768101535
2021-02-11,326.45,331.35,323.4,324.9,325.0,55257166,18038701840.7,229.276,148.2895,-0.011857707509881354,0.8086588703657643
2021-02-12,326.4,330.5,321.25,324.55,325.4,64093642,20920164748.8,232.112,149.45024999999998,0.0012307692307691465,0.8096541428215991
2021-02-15,329.9,335.8,324.0,331.9,333.35,78680452,25956681114.8,235.082,150.6975,0.02443146896127857,0.8294351828813156
2021-02-16,335.45,337.9,327.5,329.0,329.2,65943843,22120862134.35,237.983,151.939,-0.012449377531123518,0.8191092311520296
2021-02-17,326.9,334.25,325.45,329.7,330.15,52150941,17048142612.9,240.915,153.17375,0.00288578371810444,0.8214730032346371
2021-02-18,331.5,331.75,321.1,323.0,323.85,49204247,16311207880.5,243.75599999999997,154.3805,-0.019082235347569143,0.8057974620552394
2021-02-19,321.95,321.95,301.4,312.45,311.85,80274683,25844434191.85,246.33899999999997,155.53449999999998,-0.037054191755442334,0.7759392883801958
2021-02-22,312.45,313.9,302.15,302.6,304.5,57723298,18035644460.1,248.877,156.6265,-0.023569023569023684,0.7576511570042315
2021-02-23,308.5,328.9,308.5,324.6,324.0,133310157,41126183434.5,251.78,157.8155,0.0640394088669951,0.8061706892261773
2021-02-24,325.0,330.0,316.5,321.2,321.65,50821757,16517071025.0,254.66,158.98775,-0.007253086419753196,0.8003234635481479
2021-02-25,325.35,334.7,323.25,333.6,333.15,64514912,20989926619.2,257.745,160.2345,0.03575314783149386,0.828937546653398
2021-02-26,323.0,332.95,318.85,321.9,322.95,91901339,29684132497.0,260.553,161.4275,-0.030616839261593864,0.803558099029611
2021-03-01,330.0,331.85,322.7,327.7,328.3,61190868,20192986440.0,263.485,162.66575,0.016566031893481936,0.8168698681264012
2021-03-02,331.1,347.2,326.45,345.25,345.75,127708761,42284370767.100006,266.789,163.9855,0.0531526043253121,0.8602886290121936
2021-03-03,348.65,357.0,346.5,347.1,348.5,92006451,32078049141.149998,270.468,165.31075,0.00795372378886472,0.8671311271460577
2021-03-04,339.0,345.4,337.3,340.0,339.2,59863169,20293614291.0,273.953,166.58625,-0.026685796269727446,0.8439910425478988
2021-03-05,333.0,337.85,319.7,326.45,325.15,86738909,28884056697.0,277.07199999999995,167.798,-0.04142099056603776,0.8090320975367019
2021-03-08,331.75,331.75,318.8,321.35,321.25,81925952,27178934576.0,279.978,168.98875,-0.01199446409349525,0.7993281910923128
2021-03-09,325.0,328.35,309.6,315.15,315.2,74702208,24278217600.0,282.555,170.142,-0.018832684824902746,0.7842746951978117
2021-03-10,319.5,324.45,316.7,321.75,321.45,58643853,18736711033.5,285.315,171.31425000000002,0.019828680203045623,0.7998258273202302
2021-03-12,325.05,326.5,314.15,317.45,317.55,48360842,15719691692.1,287.983,172.467,-0.01213252449836666,0.7901219208758411
2021-03-15,320.0,320.4,310.05,318.2,318.55,45083228,14426632960.0,290.67699999999996,173.612,0.003149110376318598,0.792610102015428
2021-03-16,321.0,321.9,315.1,319.0,319.95,39267404,12604836684.0,293.346,174.72924999999998,0.004394914456129273,0.7960935556108497
2021-03-17,318.6,320.0,304.0,305.5,305.8,47262481,15057826446.6,295.63599999999997,175.7645,-0.044225660259415434,0.7608857924856942
2021-03-18,311.0,316.6,299.75,308.0,307.0,73731921,22930627431.0,297.912,176.80700000000002,0.003924133420536213,0.7638716098531985
2021-03-19,303.5,311.0,290.2,308.2,308.95,109932681,33364568683.5,300.183,177.798,0.006351791530944562,0.768723563075393
2021-03-22,306.45,307.5,300.1,302.85,303.05,56385019,17279189072.55,302.30899999999997,178.73600000000002,-0.01909694125262984,0.7540432943518299
2021-03-23,305.0,312.25,304.0,306.9,307.4,60240483,18373347315.0,304.494,179.71575,0.014354066985645897,0.7648668823090332
2021-03-24,303.55,305.0,293.2,294.75,294.45,61523819,18675555257.45,305.97,180.63099999999997,-0.042127521145087776,0.7326449365513821
2021-03-25,294.0,294.0,282.25,286.0,285.55,84528317,24851325198.0,306.925,181.52800000000002,-0.03022584479538115,0.7105001244090581
2021-03-26,290.5,301.4,290.5,296.75,296.4,80924011,23508425195.5,308.00100000000003,182.4835,0.037996848187707766,0.7374968897735765
2021-03-30,300.5,301.3,292.7,297.05,297.05,45257627,13599916913.5,309.04,183.46625,0.002192982456140413,0.7391142075143081
2021-03-31,299.0,307.5,297.5,301.45,301.8,58569012,17512134588.0,309.87,184.50150000000002,0.015990573977444855,0.7509330679273462
2021-04-01,306.75,309.85,303.05,307.25,307.75,44088352,13524101976.0,311.106,185.56325,0.01971504307488403,0.7657377457078886
2021-04-05,306.8,311.7,297.2,305.5,305.05,66178755,20303642034.0,312.034,186.60675,-0.008773354995938232,0.7590196566310038
2021-04-06,306.15,313.8,304.8,308.0,307.75,63031783,19297180365.449997,312.691,187.63299999999998,0.00885100803147032,0.7657377457078887
2021-04-07,306.75,310.65,305.1,307.65,307.8,39073986,11985945205.5,313.035,188.65875,0.00016246953696175126,0.765862154764868
2021-04-08,307.9,319.8,307.5,314.0,313.95,62459774,19231364414.6,313.527,189.70649999999998,0.019980506822611988,0.7811644687733277
2021-04-09,313.2,325.0,312.5,317.55,318.2,75462572,23634877550.399998,314.30800000000005,190.7735,0.013537187450231025,0.7917392386165724
2021-04-12,307.85,307.85,282.9,287.5,286.55,105342538,32429700323.300003,314.689,191.68724999999998,-0.09946574481458192,0.712988305548645
2021-04-13,287.25,304.55,280.55,302.0,302.85,116874853,33572301524.25,315.41,192.69449999999998,0.056883615424882183,0.7535456581239125
2021-04-15,303.0,307.55,296.5,302.2,303.5,75262749,22804612947.0,316.226,193.71474999999998,0.0021462770348357196,0.755162975864644
2021-04-16,302.0,315.0,300.15,308.75,310.0,75330709,22749874118.0,316.834,194.77349999999998,0.021416803953871577,0.7713361532719594
2021-04-19,295.0,304.5,292.8,301.7,301.4,65791784,19408576280.0,316.422,195.77675,-0.02774193548387105,0.7499377954715114
2021-04-20,307.7,308.15,294.2,297.4,298.05,56740291,17458987540.7,315.763,196.75924999999998,-0.011114797611147864,0.7416023886538952
2021-04-22,294.0,302.5,292.2,294.5,294.55,61022978,17940755532.0,315.13100000000003,197.71474999999998,-0.011742996141587025,0.7328937546653408
2021-04-23,291.0,300.0,290.5,293.2,294.0,58158986,16924264926.0,314.693,198.63975,-0.001867255134951673,0.7315252550385679
2021-04-26,297.0,299.0,294.6,295.85,295.4,30583139,9083192283.0,313.882,199.5715,0.004761904761904745,0.7350087086339897
2021-04-27,295.7,302.5,295.1,302.1,301.5,35040532,10361485312.4,313.411,200.55225,0.02064996614759651,0.7501866135854702
2021-04-28,303.5,309.5,303.0,305.15,305.9,44668126,13556776241.0,312.95099999999996,201.547,0.014593698175787706,0.7611346105996528
2021-04-29,308.9,310.0,301.25,302.2,301.9,36647292,11320348498.8,312.489,202.51850000000002,-0.013076168682575995,0.751181886041305
2021-04-30,298.2,301.3,292.55,293.1,293.85,36121668,10771481397.6,311.858,203.44775,-0.026664458429943583,0.73115202786763
2021-05-03,289.3,294.75,285.0,293.1,293.0,35376618,10234455587.4,311.051,204.387,-0.0028926322953888306,0.7290370738989811
2021-05-04,296.35,299.75,288.05,289.95,289.45,38640006,11450965778.1,310.25600000000003,205.31824999999998,-0.012116040955631457,0.7202040308534473
2021-05-05,293.5,293.9,288.5,292.25,291.5,29350536,8614382316.0,309.483,206.261,0.007082397650716832,0.7253048021896006
2021-05-06,291.5,302.0,290.3,301.05,301.25,45032502,13126974333.0,309.031,207.23524999999998,0.0334476843910807,0.7495645683005736
2021-05-07,303.0,305.95,300.5,301.45,302.75,41591323,12602170869.0,308.849,208.22375,0.004979253112033177,0.753296840009954
2021-05-10,304.5,315.7,304.0,314.35,314.85,53260388,16217788146.0,309.05600000000004,209.25575,0.03996696944673839,0.7834038317989565
2021-05-11,309.55,320.75,308.1,314.45,315.55,58472304,18100101703.2,308.887,210.30774999999997,0.0022232809274256304,0.7851455585966672
2021-05-12,318.25,334.75,316.25,325.55,326.0,111584920,35511900790.0,308.974,211.4075,0.03311678022500386,0.8111470515053509
2021-05-14,329.35,329.5,310.0,312.6,312.25,81305325,26777908788.75,308.556,212.45,-0.04217791411042948,0.7769345608360301
2021-05-17,315.4,323.85,311.4,321.75,321.1,51162423,16136628214.199999,308.519,213.54699999999997,0.028342674139311574,0.7989549639213748
2021-05-18,325.95,336.65,324.0,332.0,332.45,86153088,28081599033.6,308.602,214.67700000000002,0.03534724384926813,0.8271958198556868
2021-05-19,313.0,322.95,312.1,314.1,314.45,119407026,37374399138.0,307.976,215.7205,-0.05414348022258986,0.7824085593431214
2021-05-20,316.0,316.6,306.1,308.0,307.7,54043899,17077872084.0,307.16,216.74075000000002,-0.021466051836540045,0.7656133366509094
2021-05-21,312.0,315.7,309.5,312.4,313.1,40358753,12591930936.0,306.638,217.783,0.017549561260968627,0.7790495148046791
2021-05-24,314.75,315.8,310.2,311.8,311.85,31963997,10060668055.75,306.372,218.77700000000002,-0.003992334717342727,0.7759392883801953
2021-05-25,315.55,319.0,313.85,314.9,315.25,37382263,11795973089.65,306.252,219.796,0.010902677569344155,0.784399104254791
2021-05-26,316.1,320.0,314.8,315.15,315.5,28639717,9053014543.7,306.258,220.7965,0.0007930214115781098,0.7850211495396877
2021-05-27,317.05,323.45,316.55,319.0,318.6,49484106,15688935807.300001,306.20099999999996,221.8055,0.009825673534072932,0.7927345110724073
2021-05-28,322.65,324.5,316.5,319.8,318.75,26618815,8588560659.749999,306.225,222.80375,0.00047080979284364055,0.7931077382433454
2021-05-31,318.7,319.75,312.1,318.9,318.75,30917309,9853346378.3,306.22900000000004,223.77825,0.0,0.7931077382433454
2021-06-01,319.2,325.7,317.3,318.3,318.1,32595728,10404556377.6,306.192,224.75725,-0.0020392156862744093,0.7914904205026139
2021-06-02,315.95,324.4,315.6,322.9,323.0,26323777,8316997343.15,306.536,225.7455,0.015403961018547463,0.8036825080865899
2021-06-03,325.3,327.7,323.65,324.95,325.65,21408371,6964143086.3,306.909,226.718,0.008204334365325083,0.8102761881064954
2021-06-04,325.15,336.9,324.25,336.8,334.95,41278749,13421785237.349998,307.42900000000003,227.76975000000002,0.028558268079226234,0.8334162727046542
2021-06-07,339.75,351.0,339.75,344.35,345.5,64986814,22079270056.5,308.278,228.8795,0.03149723839379015,0.8596665837272968
2021-06-08,346.25,356.65,337.5,356.5,352.75,44104954,15271340322.5,309.185,230.01525,0.02098408104196814,0.8777058969893022
2021-06-09,356.2,358.9,339.75,343.55,343.35,59334814,21135060746.8,310.163,231.10625,-0.026647767540751155,0.8543169942771849
2021-06-10,345.2,347.85,342.4,345.05,344.75,24351860,8406262072.0,311.347,232.22150000000002,0.004077471967380175,0.8578004478726066
2021-06-11,346.0,352.9,344.35,350.0,350.75,36441967,12608920582.0,312.43399999999997,233.37075000000002,0.017403915881073262,0.8727295347101284
2021-06-14,350.05,357.9,341.1,355.85,355.95,38482142,13470673807.1,313.612,234.5445,0.014825374198146779,0.8856680766359806
2021-06-15,355.75,360.75,351.5,352.0,352.7,35526159,12638431064.25,314.63,235.6725,-0.009130495856159548,0.8775814879323229
2021-06-16,350.1,356.0,348.1,348.35,349.35,27550588,9645460858.800001,315.462,236.72975000000002,-0.00949815707400048,0.8692460811147067
2021-06-17,348.4,352.9,342.25,344.9,345.65,29236974,10186161741.599998,316.274,237.73675000000003,-0.010591097752969958,0.8600398108982348
2021-06-18,345.65,346.9,329.0,338.7,337.4,49440514,17089113664.099998,316.867,238.70974999999999,-0.02386807464197893,0.8395123164966423
2021-06-21,330.9,335.8,326.2,334.0,334.3,29123887,9637094208.3,317.397,239.66525000000001,-0.009187907528156347,0.8317989549639228
2021-06-22,337.1,344.3,336.15,337.25,337.9,26708459,9003421528.900002,317.876,240.63575,0.010768770565360297,0.8407564070664357
2021-06-23,341.0,343.25,334.3,335.5,335.25,25741628,8777895148.0,318.217,241.5605,-0.007842556969517522,0.8341627270465304
2021-06-24,335.0,337.4,333.35,335.3,334.65,15580223,5219374705.0,319.17900000000003,242.4745,-0.0017897091722596237,0.8326698183627781
2021-06-25,335.9,342.8,335.9,339.1,339.65,22426352,7533011636.799999,319.915,243.43375,0.014940983116689122,0.845110724060713
2021-06-28,340.8,345.0,337.55,343.0,342.8,17843975,6081226680.0,320.70099999999996,244.40075000000002,0.0092742529074048,0.852948494650412
2021-06-29,342.65,346.5,339.6,342.3,341.55,22462297,7696706067.049999,321.332,245.39700000000002,-0.0036464410735121966,0.8498382682259283
2021-06-30,342.0,345.35,338.85,340.0,339.6,18277841,6251021622.0,322.096,246.3945,-0.005709266578831751,0.8449863150037338
2021-07-01,341.5,347.4,341.2,344.5,344.25,27944816,9543154664.0,323.02,247.39925,0.013692579505300229,0.8565563573028131
2021-07-02,345.3,345.55,340.5,344.9,344.9,18304387,6320504831.1,324.027,248.40225,0.001888162672476268,0.8581736750435445
2021-07-05,347.05,350.1,344.0,345.8,346.1,18399524,6385554804.2,325.06899999999996,249.39,0.0034792693534360097,0.861159492411049
2021-07-06,348.0,358.2,311.5,316.6,316.9,164083830,57101172840.0,325.499,250.2325,-0.08436867957237804,0.7885046031351095
2021-07-07,316.0,319.1,306.25,317.25,317.1,112183313,35449926908.0,325.811,251.06075,0.000631113916061965,0.7890022393630269
2021-07-08,314.8,314.8,305.0,306.15,306.35,87360324,27501029995.2,325.82,251.85424999999998,-0.03390097760958688,0.7622542921124671
2021-07-09,305.8,308.85,301.85,307.35,306.3,48807214,14925246041.2,325.908,252.64625,-0.00016321201240410144,0.7621298830554878
2021-07-12,310.8,312.0,306.1,307.5,307.45,32282319,10033344745.2,326.18,253.49625,0.0037544890630101246,0.7649912913660128
2021-07-13,310.0,312.25,308.15,310.65,310.95,25736308,7978255480.0,326.539,254.38549999999998,0.01138396487233706,0.7736999253545673
2021-07-14,310.0,313.3,308.65,309.0,309.55,21863250,6777607500.0,326.941,255.27625,-0.004502331564560147,0.7702164717591456
2021-07-15,310.5,312.85,307.6,310.1,310.25,23617599,7333264489.5,327.316,256.2135,0.0022613471167824972,0.7719581985568565
2021-07-16,311.1,315.45,310.5,311.1,311.25,25148606,7823731326.6,327.51599999999996,257.13349999999997,0.003223207091055613,0.7744463796964435
2021-07-19,308.95,310.3,306.0,309.1,308.85,21346348,6594954214.599999,327.638,258.01349999999996,-0.007710843373493925,0.7684747449614348
2021-07-20,307.0,308.0,301.05,301.85,302.15,27672567,8495478069.0,327.38399999999996,258.86575,-0.021693378662781426,0.7518039313262019
2021-07-22,305.5,307.45,301.05,303.1,302.55,21338361,6518869285.5,327.124,259.712,0.0013238457719677577,0.7527992037820369
2021-07-23,300.5,301.9,295.0,295.8,295.55,33435130,10047256565.0,326.515,260.52225,-0.02313667162452482,0.7353819358049282
2021-07-26,295.0,297.0,291.0,292.75,293.15,27502360,8113196200.0,326.133,261.3185,-0.008120453391981197,0.7294103010699193
2021-07-27,293.0,297.65,288.6,291.0,291.4,55132877,16153932961.0,325.539,262.05174999999997,-0.005969640115981556,0.7250559840756422
2021-07-28,290.0,290.9,283.6,285.0,284.45,36139725,10480520250.0,324.579,262.769,-0.023850377487989016,0.7077631251555128
2021-07-29,287.55,295.4,287.55,293.8,292.9,57733359,16601227380.45,324.14799999999997,263.52875,0.02970645104587799,0.7287882557850226
2021-07-30,294.0,300.0,293.25,294.4,293.95,30589609,8993345046.0,323.873,264.30625,0.0035848412427450516,0.7314008459815889
2021-08-02,299.15,299.4,295.6,296.7,296.85,19273390,5765634618.5,323.548,265.11100000000005,0.00986562340534114,0.7386165712863912
2021-08-03,298.5,304.5,297.7,303.65,303.7,31063992,9272601612.0,323.385,265.959,0.02307562742125646,0.755660612092562
2021-08-04,304.75,306.45,297.2,298.1,298.15,26186248,7980259078.0,323.043,266.79625,-0.018274613105037862,0.7418512067678543
2021-08-05,295.5,300.9,292.75,299.5,299.7,20704901,6118298245.5,322.72700000000003,267.66,0.005198725473754884,0.7457078875342141
2021-08-06,300.05,303.4,297.65,300.2,300.05,16001898,4801369494.900001,322.356,268.5215,0.0011678345011678637,0.7465787509330696
2021-08-09,300.75,304.2,296.05,297.95,298.1,16985859,5108497094.25,321.943,269.37075,-0.00649891684719206,0.741726797710875
2021-08-10,297.9,300.2,291.0,294.2,294.2,15173990,4520331621.0,321.452,270.1935,-0.013082858101308381,0.7320228912664858
2021-08-11,295.3,297.8,286.45,295.7,295.45,20802022,6142837096.6,320.99899999999997,271.0195,0.004248810333106645,0.7351331176909695
2021-08-12,297.3,307.4,297.3,306.8,306.0,33652880,10005001224.0,320.659,271.882,0.035708241665256324,0.7613834287136119
2021-08-13,308.8,311.5,303.05,306.5,307.25,34922863,10784180094.4,320.291,272.73325,0.004084967320261423,0.7644936551380955
2021-08-16,305.95,307.85,303.05,303.5,303.7,14348786,4390011076.7,319.666,273.58325,-0.01155410903173315,0.7556606120925617
2021-08-17,302.8,302.8,292.8,296.95,297.7,25539214,7733273999.200001,318.71,274.3935,-0.019756338491932812,0.7407315252550399
2021-08-18,296.9,297.75,292.6,293.15,293.35,18004320,5345482608.0,317.522,275.18625,-0.014612025529055939,0.7299079372978368
2021-08-20,289.5,290.7,281.0,281.6,283.1,32578752,9431548704.0,316.317,275.94225,-0.03494119652292482,0.7044040806170704
2021-08-23,287.2,288.3,275.0,276.95,276.95,24498294,7035910036.8,314.961,276.66375,-0.021723772518544848,0.6891017666086104
2021-08-24,278.5,281.5,268.45,280.8,279.8,37589121,10468570198.5,313.54200000000003,277.3985,0.010290666185232,0.6961930828564333
2021-08-25,282.8,289.2,282.45,284.5,284.4,31538128,8918982598.4,312.111,278.15,0.01644031451036443,0.7076387160985333
2021-08-26,284.85,287.35,281.65,284.8,284.3,17864053,5088575497.05,310.743,278.892,-0.00035161744022493835,0.7073898979845747
2021-08-27,282.9,286.8,281.7,285.6,285.75,13477390,3812753630.9999995,309.471,279.6325,0.005100246218783022,0.7109977606369758
2021-08-30,290.1,293.5,289.9,291.75,291.95,17217097,4994679839.700001,308.397,280.39725000000004,0.02169728783902003,0.726424483702415
2021-08-31,291.75,291.95,286.1,287.6,287.3,36951003,10780455125.25,307.395,281.12875,-0.015927384826168733,0.7148544414033356
2021-09-01,289.0,297.4,287.3,294.65,295.25,33103168,9566815552.0,306.61400000000003,281.875,0.027671423599025413,0.734635481463052
2021-09-02,295.25,296.3,291.7,293.05,293.15,14907001,4401292045.25,305.719,282.586,-0.00711261642675709,0.7294103010699193
2021-09-03,292.5,296.45,292.0,295.0,295.55,16594135,4853784487.5,304.925,283.30775,0.008186935016203378,0.735381935804928
2021-09-06,297.5,298.95,296.0,297.0,297.45,16622865,4945302337.5,304.181,284.06325,0.006428692268651615,0.7401094799701432
2021-09-07,297.35,297.8,290.9,294.5,294.6,14325904,4259807554.4,303.28,284.792,-0.009581442259203099,0.7330181637223204
2021-09-08,293.5,298.8,291.6,295.05,295.25,14920479,4379160586.5,302.329,285.47824999999995,0.0022063815342836524,0.7346354814630519
2021-09-09,294.0,303.5,293.55,298.4,298.95,34020970,10002165180.0,301.477,286.1055,0.0125317527519051,0.7438417516795236
2021-09-13,299.0,302.0,295.5,301.05,301.2,16339860,4885618140.0,300.709,286.77175,0.007526342197691882,0.7494401592435942
2021-09-14,302.25,307.2,302.2,305.75,306.1,23234649,7022672660.25,299.946,287.45675,0.016268260292164882,0.7616322468275705
2021-09-15,306.1,313.0,306.1,311.5,311.95,26808872,8206195719.200001,299.287,288.163,0.01911140150277668,0.776188106494154
2021-09-16,313.4,315.0,307.65,311.0,311.65,26249369,8226552244.599999,298.598,288.86100000000005,-0.0009616925789389663,0.7754416521522779
2021-09-17,312.0,315.35,306.0,308.15,308.6,24972069,7791285528.0,298.43199999999996,289.54675,-0.009786619605326341,0.7678526996765378
2021-09-20,304.9,310.25,297.3,297.8,298.95,19632688,5986006571.2,298.069,290.17274999999995,-0.03127025275437467,0.7438417516795235
2021-09-21,298.6,302.7,293.1,301.6,301.95,19439330,5804583938.0,297.981,290.78075,0.01003512293025599,0.7513062950982845
2021-09-22,303.15,313.8,303.0,310.0,310.1,29545253,8956643446.949999,298.05699999999996,291.4325,0.026991223712535373,0.7715849713859184
2021-09-23,313.2,324.0,313.2,321.0,321.5,52701665,16506161478.0,298.33799999999997,292.122,0.03676233473073198,0.7999502363772099
2021-09-24,325.1,326.95,316.05,317.6,317.95,28901243,9395794099.300001,298.478,292.7875,-0.011041990668740342,0.7911171933316761
2021-09-27,323.15,333.6,323.15,331.0,331.65,56305136,18195004698.399998,298.92,293.525,0.04308853593332285,0.8252052749440175
2021-09-28,334.0,336.0,324.5,328.7,329.3,28497009,9518001006.0,299.301,294.25375,-0.007085783205186047,0.8193580492659883
2021-09-29,325.0,333.0,324.0,330.35,330.25,19740150,6415548750.0,299.681,294.99600000000004,0.00288490737928937,0.821721821348596
2021-09-30,331.25,337.9,329.1,333.7,333.35,30268517,10026446256.25,300.171,295.74925,0.009386828160484528,0.8294351828813156
2021-10-01,332.65,337.3,325.7,332.9,333.3,29877695,9938815241.75,300.79400000000004,296.52774999999997,-0.0001499925003750624,0.8293107738243362
2021-10-04,336.8,343.25,335.15,342.0,342.0,29553072,9953474649.6,301.58299999999997,297.3435,0.026102610261026005,0.8509579497387427
2021-10-05,340.45,351.5,338.85,345.0,344.95,31861985,10847412793.25,302.57099999999997,298.18,0.008625730994151981,0.8582980841005242
2021-10-06,347.0,348.7,335.0,335.6,336.05,25272592,8769589424.0,303.42900000000003,298.96574999999996,-0.025800840701550865,0.8361532719582003
2021-10-07,341.1,383.0,339.25,378.5,376.5,163238084,55680510452.4,305.13100000000003,299.9355,0.12036899270941825,0.9368001990544932
2021-10-08,385.9,397.55,380.0,382.8,382.95,93728117,36169680350.299995,307.101,300.94175,0.01713147410358573,0.9528489674048292
2021-10-11,390.15,420.9,388.0,417.8,415.75,113404983,44244954117.45,309.558,302.11775,0.08565086825956403,1.034461308783282
2021-10-12,423.0,435.7,413.6,421.25,420.85,97349265,41178739095.0,312.096,303.39925,0.012266987372218985,1.0471510325951756
2021-10-13,462.9,523.85,462.9,509.7,506.9,197949387,91630771242.3,316.29699999999997,305.10900000000004,0.2044671498158488,1.2612590196566342
2021-10-14,530.0,530.0,492.0,496.6,497.6,103630901,54924377530.0,320.175,306.751,-0.018346813967251796,1.2381189350584756
2021-10-18,507.0,525.0,503.6,509.8,509.6,72322623,36667569861.0,324.404,308.41925,0.02411575562700974,1.2679771087335194
2021-10-19,512.45,517.4,476.05,484.75,481.9,57428637,29429305030.65,328.048,309.897,-0.05435635792778659,1.1990544911669603
2021-10-20,481.8,497.0,471.25,489.7,486.9,55444814,26713311385.2,331.785,311.41425,0.010375596596804426,1.2114953968648952
2021-10-21,491.75,510.4,485.75,508.95,508.0,52608672,25870314456.0,335.983,313.0335,0.04333538714315055,1.2639960189101802
2021-10-22,509.9,510.7,487.4,490.6,490.9,42742785,21794546071.5,339.917,314.56875,-0.033661417322834675,1.221448121423243
2021-10-25,493.9,496.0,473.25,478.8,479.9,33107841,16351962669.9,343.606,316.03574999999995,-0.022407822367080832,1.1940781288877864
2021-10-26,483.5,510.0,483.25,508.2,508.65,58027770,28056426795.0,347.65899999999993,317.6225,0.05990831423213172,1.265613336650912
2021-10-27,505.75,506.55,496.0,496.8,497.9,30361263,15355208762.25,351.472,319.14599999999996,-0.02113437530718565,1.238865389400352
2021-10-28,493.9,493.9,478.55,481.8,481.05,25182748,12437759237.199999,355.019,320.57425,-0.033842136975296144,1.1969395371983118
2021-10-29,482.0,491.6,467.7,484.45,483.7,31054342,14968192844.0,358.73900000000003,322.009,0.005508782870803364,1.2035332172182172
2021-11-01,486.45,489.7,469.8,486.4,485.7,34315690,16692867400.5,362.586,323.44675,0.004134794293983779,1.208509579497391
2021-11-02,506.5,510.0,486.5,488.05,487.85,51580720,26125634680.0,366.681,324.78275,0.004426600782376111,1.2138591689475031
2021-11-03,483.8,495.0,481.6,485.2,484.9,22950198,11103305792.4,370.84,326.01824999999997,-0.006046940657989275,1.2065190345857213
2021-11-04,489.8,493.55,488.0,490.05,489.7,5531940,2709544212.0,375.038,327.25375,0.009898948236749971,1.218462304055739
2021-11-08,493.9,504.85,490.25,501.0,501.4,31736426,15674620801.4,379.37799999999993,328.53525,0.0238921788850317,1.2475740233889066
2021-11-09,505.0,520.65,503.5,511.0,509.65,50458762,25481674810.0,383.885,329.782,0.01645392899880327,1.2681015177904988
2021-11-10,506.25,515.95,500.2,511.0,510.75,26615777,13474237106.25,388.385,331.106,0.0021583439615422417,1.2708385170440446
2021-11-11,510.0,519.0,501.0,504.5,503.45,29256213,14920668630.0,392.615,332.33,-0.014292706803720079,1.2526747947250596
2021-11-12,506.95,509.55,497.35,507.35,507.05,20731808,10509990065.6,397.01,333.49075,0.007150660442943657,1.2616322468275727
2021-11-15,506.25,514.9,504.5,504.65,505.45,18014977,9120082106.25,401.214,334.565,-0.0031555073464155647,1.2576511570042335
2021-11-16,506.9,526.85,506.2,517.95,519.05,55897781,28334585188.899998,405.732,335.7135,0.02690671678702139,1.291490420502616
2021-11-17,520.25,536.7,520.25,528.4,530.15,48463415,25213091653.75,410.4239999999999,336.96850000000006,0.02138522300356427,1.3191092311520316
2021-11-18,531.45,534.2,501.3,509.95,509.7,47197742,25083239985.9,414.66900000000004,338.1795,-0.03857398849382243,1.2682259268474783
2021-11-22,512.25,512.25,478.4,486.4,486.1,40044849,20512973900.25,418.499,339.276,-0.04630174612517157,1.2095048519532259
2021-11-23,484.4,499.35,477.0,495.9,495.5,27553684,13347004529.599998,422.504,340.44,0.019337584859082435,1.2328937546653433
2021-11-24,499.0,501.8,485.3,486.9,488.65,20915837,10437002663.0,426.29799999999994,341.48525,-0.013824419778002084,1.2158497138591726
2021-11-25,490.8,495.15,486.5,494.2,492.75,15336539,7527173341.2,430.129,342.339,0.008390463521948277,1.2260512565314792
2021-11-26,486.0,486.75,458.0,459.4,460.2,51787989,25168962654.0,433.211,342.985,-0.06605783866057846,1.1450609604379232
2021-11-29,457.0,470.75,443.1,462.0,461.45,42819150,19568351550.0,436.20099999999996,343.6615,0.0027162103433289175,1.1481711868624067
2021-11-30,466.55,478.0,455.65,458.95,458.6,35471800,16549368290.0,439.14,344.375,-0.006176183768555554,1.141079870614584
2021-12-01,467.85,478.4,463.55,478.0,475.25,28256188,13219657555.800001,442.47299999999996,345.0715,0.03630614914958574,1.182508086588707
2021-12-02,479.4,480.45,471.7,478.5,479.1,21012008,10073156635.199999,446.0760000000001,345.84174999999993,0.008100999473961146,1.192087583976117
2021-12-03,480.0,484.7,477.3,480.3,480.1,20948900,10055472000.0,449.639,346.59775,0.0020872469213106815,1.1945757651157038
2021-12-06,480.1,480.9,466.0,467.95,467.2,17473075,8388823307.5,452.781,347.30875,-0.026869402207873483,1.162478228415032
2021-12-07,476.85,484.9,471.0,482.3,481.8,21280797,10147748049.45,455.98699999999997,348.09074999999996,0.03125,1.1988056730530017
2021-12-08,484.5,495.95,483.5,493.6,493.9,20581817,9971890336.5,459.5060000000001,348.89349999999996,0.02511415525114158,1.2289126648420041
2021-12-09,498.0,498.5,489.55,493.15,493.95,16951593,8441893314.0,462.75199999999995,349.71725000000004,0.0001012350678275542,1.2290370738989835
2021-12-10,487.75,496.8,486.55,493.4,494.45,14567815,7105451766.25,466.055,350.53875,0.0010122482032595137,1.230281164468777
2021-12-13,499.45,506.4,494.2,496.0,495.35,21921272,10948579300.4,469.357,351.39625,0.001820204267367842,1.2325205274944053
2021-12-14,491.95,491.95,483.3,489.4,489.4,17722547,8718606996.65,472.47799999999995,352.284,-0.0120117088927022,1.2177158497138627
2021-12-15,487.8,497.7,487.25,489.8,491.65,16263723,7933444079.400001,475.645,353.21975,0.004597466285247265,1.2233142572779334
2021-12-16,495.0,496.5,487.4,492.05,491.95,13581352,6722769240.0,478.644,354.05949999999996,0.0006101901759381079,1.2240607116198094
2021-12-17,488.0,488.85,468.2,470.2,470.2,27341178,13342494864.0,481.14899999999994,354.8022500000001,-0.04421181014330722,1.169942771833793
2021-12-20,459.9,460.0,440.0,445.55,447.05,33007516,15180156608.4,483.369,355.37174999999996,-0.049234368353891944,1.1123413784523546
2021-12-21,452.1,460.9,449.85,453.5,453.6,18838054,8516684213.400001,484.911,356.025,0.014651604965887577,1.1286389649166493
2021-12-22,458.15,472.15,458.15,470.5,470.5,22730750,10414093112.5,486.662,356.736,0.037257495590828915,1.170689226175669
2021-12-23,476.0,478.0,470.95,472.25,472.35,12116814,5767603464.0,487.7939999999999,357.369,0.0039319872476089035,1.1752923612839048
2021-12-24,474.9,474.9,460.0,468.3,467.6,15487368,7354951063.2,488.72900000000004,357.9645,-0.010056102466391437,1.1634735008708668
2021-12-27,465.7,472.45,460.1,472.45,471.15,12557565,5848058020.5,488.01399999999995,358.62425,0.007591958939264121,1.1723065439164002
2021-12-28,475.2,482.8,472.65,480.35,480.2,22860916,10863507283.199999,487.666,359.39950000000005,0.01920832006791895,1.1948245832296622
2021-12-29,478.75,481.6,474.25,474.75,476.0,10263884,4913834465.0,486.994,360.17325000000005,-0.008746355685131157,1.184374222443397
2021-12-30,472.55,476.4,468.6,472.1,470.4,11923961,5634667770.55,486.764,360.94924999999995,-0.01176470588235301,1.17044040806171
2021-12-31,472.7,483.6,471.85,482.8,482.4,15541446,7346441524.2,486.6739999999999,361.754,0.025510204081632626,1.2002985817367535
